{
  "type": "minecraft:crafting_shapeless",
  "category": "misc",
  "ingredients": [
    {"item": "minecraft:potion"},
    {"item": "minecraft:melon_slice"}
    ],
    "result": {
      "count": 1,"id": "minecraft:potion",
      "components": {
        "custom_data":{"liquid":1,"snc_item":1},
        "custom_model_data": 5,
        "custom_name" : "{\"translate\":\"Watermelon Juice\",\"italic\":false}",
        "potion_contents": {
          "custom_color": 16777215,
          "custom_effects": [
            {
              "id":"minecraft:slowness",
              "amplifier":0,
              "duration":1200,
              "ambient": false,"show_particles": false,"show_icon": false
            },
            {
              "id":"minecraft:water_breathing",
              "amplifier":0,
              "duration":1200,
              "ambient": false,"show_particles": false,"show_icon": false
            },
            {
              "id":"minecraft:weakness",
              "amplifier":0,
              "duration":900,
              "ambient": false,"show_particles": false,"show_icon": false
            },
            {
              "id":"minecraft:health_boost",
              "amplifier":1,
              "duration":2400,
              "ambient": false,"show_particles": false,"show_icon": false
            },
            {
              "id":"minecraft:saturation",
              "amplifier":3,
              "duration":40,
              "ambient": false,"show_particles": false,"show_icon": false
            }
          ]
        }
      }
    }
}