{
  "type": "minecraft:crafting_shapeless",
  "category": "misc",
  "ingredients": [
    {"item": "minecraft:potion"},
    {"item": "minecraft:sweet_berries"}
    ],
    "result": {
      "count": 1,"id": "minecraft:potion",
      "components": {
        "custom_data":{"liquid":1,"snc_item":1},
        "custom_model_data": 1,
        "custom_name" : "{\"translate\":\"Berry Wine\",\"italic\":false}",
        "potion_contents": {
          "custom_color": 16777215,
          "custom_effects": [
            {
              "id":"minecraft:resistance",
              "amplifier":0,
              "duration":1800,
              "ambient": false,"show_particles": false,"show_icon": false
            },
            {
              "id":"minecraft:absorption",
              "amplifier":0,
              "duration":3600,
              "ambient": false,"show_particles": false,"show_icon": false
            },
            {
              "id":"minecraft:regeneration",
              "amplifier":1,
              "duration":900,
              "ambient": false,"show_particles": false,"show_icon": false
            },
            {
              "id":"minecraft:saturation",
              "amplifier":3,
              "duration":40,
              "ambient": false,"show_particles": false,"show_icon": false
            },
            {
              "id":"minecraft:slowness",
              "amplifier":0,
              "duration":600,
              "ambient": false,"show_particles": false,"show_icon": false
            },
            {
              "id":"minecraft:nausea",
              "amplifier":0,
              "duration":200,
              "ambient": false,"show_particles": false,"show_icon": false
            }
          ]
        }
      }
    }
}