{
    "display": {
        "title": {
            "translate": "aot.adv.mankind",
            "color": "yellow"
        },
        "description": {
			"translate": "aot.adv.mankind1",
            "color": "white"
        },
        "icon": {"id": "minecraft:totem_of_undying"},
        "frame": "task",
        "show_toast": true,
        "announce_to_chat": true,
        "hidden": true
    },
    "criteria": {
      "requirement": {
        "trigger": "minecraft:player_killed_entity",
        "conditions": {
          "entity": {"type": "#snc:human"}
        }
      }
    },
    "rewards": {
      "function": "snc:api/give/misc/guide/firearms"
    },
    "parent": "snc:root"
  }
  