{
  "type": "minecraft:crafting_shapeless",
  "category": "equipment",
  "ingredients": [
    {"item": "barrier"}
  ],
  "result": {
    "count": 1,
    "id": "minecraft:carrot_on_a_stick",
    "components": {
      "custom_data":{"add":true, "snc_item":1},
      "minecraft:custom_name":"{\"translate\":\"aot.knife\",\"color\":\"white\",\"italic\":false}",
      "minecraft:lore":[
        "{\"translate\":\"aot.knife.desc\",\"color\":\"gray\",\"italic\":false}",
        "{\"translate\":\"aot.scissors.desc2\",\"color\":\"gray\",\"italic\":false}",
        "{\"text\":\" \",\"color\":\"gray\",\"italic\":false}",
        "{\"translate\":\"aot.used\",\"color\":\"gray\",\"italic\":false}",
        "[{\"text\":\"\"},{\"translate\":\"effect.minecraft.instant_damage\",\"color\":\"blue\",\"italic\":false}]"
      ],
      "minecraft:attribute_modifiers": [
        {
          "type": "generic.attack_damage",
          "slot": "mainhand",
          "id":"snc.knife.attack_damage",
          "amount": 10,
          "operation": "add_value"
        },
        {
          "type": "generic.attack_speed",
          "slot": "mainhand",
          "id":"snc.needle.attack_speed",
          "amount": 1,
          "operation": "add_value"
        }
      ],
      "minecraft:custom_model_data": 14
    }
  }
}