{
    "display": {
        "title": {
			"translate": "aot.odm2",
            "color": "dark_red"
        },
        "description": {
            "text": "Nein wir sind die jäger!",
            "color": "white"
        },
        "icon": {
            "id": "minecraft:minecart",
            "components": {
                "minecraft:custom_model_data": 3
            }
        },
        "frame": "goal",
        "show_toast": true,
        "announce_to_chat": true,
        "hidden": false
    },
    "criteria": {
        "spear": {
        "trigger": "minecraft:inventory_changed",
        "conditions": {
            "items": [
                {
                    "id":"warped_fungus_on_a_stick",
                    "predicates": {"minecraft:custom_data": "{spear:1b}"}
                },
                {
                    "id":"carrot_on_a_stick",
                    "predicates": {"minecraft:custom_data": "{spear:1b}"}
                }
            ]
        }
        }
    },
    "rewards": {
        "experience": 100
    },
    "parent": "snc:survey/odm/odm_gear"
}