{
    "function": "minecraft:set_components",
    "components": {
        "trim": {"material":"minecraft:armor","pattern":"minecraft:armored"},
        "item_name":"[{\"translate\":\"aot.ability.hardening.hardened\"},\" \",{\"translate\":\"item.minecraft.netherite_leggings\"}]",
        "rarity":"epic",
        "custom_model_data": 1,
        "minecraft:attribute_modifiers": {
            "modifiers": [
                {
                    "type": "minecraft:armor",
                    "id": "snc.leggings.armor",
                    "amount": 6,
                    "operation": "add_value",
                    "slot": "legs"
                },{
                    "type":"armor_toughness",
                    "id": "snc.leggings.armor_toughness",
                    "amount":4,
                    "operation":"add_value",
                    "slot":"legs"
                },{
                    "type":"knockback_resistance",
                    "id": "snc.leggings.knockback_resistance",
                    "amount":0.2,
                    "operation":"add_value",
                    "slot":"legs"
                },{
                    "type":"scale",
                    "id": "snc.leggings.scale",
                    "amount":0.035,
                    "operation":"add_multiplied_total",
                    "slot":"legs"
                },{
                    "type":"attack_damage",
                    "id": "snc.leggings.attack_damage",
                    "amount":-0.02,
                    "operation":"add_multiplied_total",
                    "slot":"legs"
                },{
                    "type":"movement_speed",
                    "id": "snc.leggings.movement_speed",
                    "amount":-0.015,
                    "operation":"add_multiplied_total",
                    "slot":"legs"
                }
            ]
          }
    }
}