{
  "type": "minecraft:crafting_shapeless",
  "ingredients": [
      {"item": "barrier"}
  ],
  "result": {
      "id": "minecraft:totem_of_undying",
      "count": 1,
      "components": {
          "custom_data": {"snc_item":1},
          "custom_model_data":0,
          "item_name":"{\"translate\":\"aot.undying\"}",
          "lore":[
            "{\"translate\":\"aot.undying.desc1\",\"color\":\"gray\",\"italic\":false}",
            "{\"translate\":\"aot.undying.desc2\",\"color\":\"gray\",\"italic\":false}",
            "{\"text\":\" \",\"color\":\"gray\",\"italic\":false}",
            "{\"translate\":\"aot.undying.desc3\",\"italic\":false}",
            "{\"translate\":\"aot.undying.desc4\",\"italic\":false}"
          ]
      }
  }
}