{
  "type": "minecraft:crafting_shapeless",
  "ingredients": [
      {"item": "barrier"}
  ],
  "result": {
      "id": "carved_pumpkin",
      "count": 1,
      "components" : {
        "custom_data":{"snc_item":1},
        "custom_name": "[{\"translate\":\"aot.titan.armor\",\"color\":\"white\",\"italic\":false},\" \",{\"translate\":\"aot.mask\"}]",
        "lore": [
          "{\"translate\":\"Decoration\",\"color\":\"blue\",\"italic\":false}"
        ],
        "custom_model_data": 104
      }
  }
}