[
  {
    "function": "minecraft:set_components",
    "components": {
      "minecraft:attribute_modifiers": {
        "modifiers": [
          {
            "type": "minecraft:generic.armor",
            "uuid": [1037146786,-916566486,-2009290388,-2122761331],
            "name": "generic.armor",
            "amount": 16,
            "operation": "add_value",
            "slot": "head"
          },
          {
            "type": "minecraft:generic.armor_toughness",
            "uuid": [403646585,1003700334,-1709780057,33281322],
            "name": "generic.armor",
            "amount": 12,
            "operation": "add_value",
            "slot": "head"
          }
        ]
      }
    }
  }
]