[
  {
    "function": "minecraft:set_components",
    "components": {
      "minecraft:attribute_modifiers": {
        "modifiers": [
          {
            "type": "minecraft:generic.armor",
            "uuid": [1059678515,425871927,-1260891236,325339516],
            "name": "generic.armor",
            "amount": 8,
            "operation": "add_value",
            "slot": "head"
          },
          {
            "type": "minecraft:generic.armor_toughness",
            "uuid": [1581063707,-417053968,-1380326978,-1838581295],
            "name": "generic.armor",
            "amount": 12,
            "operation": "add_value",
            "slot": "head"
          }
        ]
      }
    }
  }
]