{
    "display": {
        "title": {
            "translate": "Squad Leader",
            "color": "light_purple"
        },
        "description": {
			"translate": "aot.adv.70",
            "color": "dark_purple"
        },
        "icon": {
            "id": "minecraft:player_head",
            "components": {
                "profile": {
                    "name":"Alexbladeza"
                }
            }
        },
        "frame": "challenge",
        "show_toast": true,
        "announce_to_chat": true
    },
    "criteria": {
        "unlock": {
            "trigger": "minecraft:impossible"
        }
    },
    "parent": "snc:titan/40"
}