{
    "display": {
        "title": {
			"translate": "aot.adv.titan",
            "color": "gold"
        },
        "description": {
			"translate": "aot.adv.titan.desc",
            "color": "white"
        },
        "icon": {
            "id": "minecraft:flint",
            "components": {
                "minecraft:custom_model_data": 28
            }
        },
        "frame": "task",
        "show_toast": true,
        "announce_to_chat": true,
        "hidden": false
    },
    "criteria": {
        "unlock": {
            "trigger": "minecraft:impossible"
        }
    },
    "parent": "snc:root"
}