{
    "display": {
        "title": {
            "translate": "aot.adv.cannon",
            "color": "green"
        },
        "description": {
            "translate": "aot.adv.cannon.desc",
            "color": "white"
        },
        "icon": {
            "id": "minecraft:quartz",
            "components": {
                "minecraft:item_model": "people/item/canon/item"
            }
        },
        "frame": "goal",
        "show_toast": true,
        "announce_to_chat": true,
        "hidden": false
    },
    "criteria": {
        "Craft Cannon": {
            "trigger": "minecraft:impossible"
        }
    },
    "rewards": {
        "experience": 20
    },
    "parent": "snc:survey/red_sand"
}