{
    "display": {
        "icon": {
            "id": "minecraft:leather_chestplate",
            "components": {
                "minecraft:dyed_color":{
                    "rgb":16777215,
                    "show_in_tooltip":false
                },"custom_model_data":2
            }
        },
        "title": {
			"translate": "aot.adv.assault",
            "color": "dark_red"
        },
        "description": {
			"translate": "aot.adv.assault.desc",
            "color": "white"
        },
        "frame": "challenge",
        "show_toast": true,
        "announce_to_chat": true,
        "hidden": false
    },
    "criteria": {
      "Scouts": {
        "trigger": "minecraft:inventory_changed",
        "conditions": {
            "items":
                [{
                    "items":"minecraft:leather_helmet",
                    "predicates": {"minecraft:custom_data": "{scouts_dark:1b}"}
                },{
                    "items":"minecraft:leather_chestplate",
                    "predicates": {"minecraft:custom_data": "{scouts_dark:1b}"}
                },{
                    "items":"minecraft:leather_leggings",
                    "predicates": {"minecraft:custom_data": "{scouts_dark:1b}"}
                },{
                    "items":"minecraft:leather_boots",
                    "predicates": {"minecraft:custom_data": "{scouts_dark:1b}"}
                }]
        }
      }
    },
    "parent": "snc:survey/equip"
  }