{
    "parent": "snc:survey/red_sand",
    "display": {
        "icon": {
            "id": "minecraft:quartz",
            "components": {
                "minecraft:item_model": "people/item/flare/red"
            }
        },
        "title": {
			"translate": "aot.adv.flare",
            "color": "aqua"
        },
        "description": {
			"translate": "aot.adv.flare.desc",
            "color": "white"
        },
        "frame": "goal",
        "show_toast": true,
        "announce_to_chat": true,
        "hidden": false
    },
    "criteria": {
      "flare_gun": {
        "trigger": "minecraft:impossible"
      }
    },
    "requirements": [
      [
        "flare_gun"
      ]
    ]
  }