{
    "display": {
        "title": {
            "translate": "aot.thunder",
            "color": "gray"
        },
        "description": {
            "translate": "aot.adv.thunder.desc",
            "color": "white"
        },
        "icon": {
            "id": "minecraft:minecart",
            "components": {
                "minecraft:custom_model_data": 4
            }
        },
        "frame": "task",
        "show_toast": true,
        "announce_to_chat": true,
        "hidden": false
    },
    "criteria": {
        "Craft Thunder Spear": {
            "trigger": "minecraft:inventory_changed",
            "conditions": {
                "items": [{"predicates": {"minecraft:custom_data": "{spear:1b}"}}]
            }
        }
    },
    "parent": "snc:survey/red_sand"
}