{
  "type": "crafting_shaped",
  "category": "equipment",
  "pattern": [
    "   ",
    "X X",
    "# #"
  ],
  "key": {
    "#": {
      "item": "minecraft:leather"
    },
    "X": {
      "item": "minecraft:iron_ingot"
    }
  },
  "result": {
    "count": 1,
    "id": "minecraft:leather_boots",
    "components": {
      "custom_data":{"survey_cops":true, "snc_item":1},
      "custom_model_data": 1,
      "trim":{"material":"blank","pattern":"scouts","show_in_tooltip":false},
      "minecraft:custom_name":"{\"translate\":\"aot.surveyboot\",\"color\":\"dark_green\",\"italic\":false} ",
      "minecraft:lore":["{\"translate\":\"aot.surveyboot.desc\",\"color\":\"gray\",\"italic\":false}","{\"translate\":\"aot.surveyboot.desc2\",\"color\":\"gray\",\"italic\":false}","{\"translate\":\"aot.surveyboot.desc3\",\"color\":\"gray\",\"italic\":false}","{\"text\":\" \",\"color\":\"gray\",\"italic\":false}","{\"translate\":\"item.modifiers.feet\",\"color\":\"gray\",\"italic\":false}","{\"translate\":\"aot.footstatus.slow\",\"color\":\"blue\",\"italic\":false}"],
      "minecraft:dyed_color":{"rgb":16777215,"show_in_tooltip":false},
      "minecraft:unbreakable":{"show_in_tooltip":false},
      "minecraft:attribute_modifiers":[{"type":"generic.armor","amount":2,"operation":"add_value","id":"snc.boots.armor","slot":"feet"},{"type":"generic.safe_fall_distance","amount":8,"operation":"add_value","id":"snc.boots.safe_fall_distance","slot":"feet"}]
    }
  }
}