{
  "type": "crafting_shaped",
  "category": "equipment",
  "pattern": [
    " # ",
    "#X#",
    "# #"
  ],
  "key": {
    "#": {
      "item": "minecraft:leather"
    },
    "X": {
      "item": "minecraft:green_dye"
    }
  },
  "result": {
    "count": 1,
    "id": "minecraft:leather_chestplate",
    "components": {
      "custom_data":{"survey_cops":true, "snc_item":1},
      "custom_model_data": 1,
      "trim":{"material":"blank","pattern":"scouts","show_in_tooltip":false},
      "minecraft:custom_name":"{\"translate\":\"aot.surveycape\",\"color\":\"dark_green\",\"italic\":false}",
      "minecraft:lore":["{\"translate\":\"aot.surveycape.desc\",\"color\":\"gray\",\"italic\":false}","{\"translate\":\"aot.surveycape.desc2\",\"color\":\"gray\",\"italic\":false}","{\"translate\":\"aot.surveycape.desc3\",\"color\":\"gray\",\"italic\":false}"],
      "minecraft:dyed_color":{"rgb":16777215,"show_in_tooltip":false},
      "minecraft:unbreakable":{"show_in_tooltip":false},
      "minecraft:attribute_modifiers":[{"type":"generic.armor","amount":6,"operation":"add_value","id":"snc.cape.armor","slot":"chest"},{"type":"generic.gravity","amount":-0.01,"operation":"add_value","id":"snc.cape.gravity","slot":"chest"}]
    }
  }
}