{
  "type": "crafting_shaped",
  "category": "equipment",
  "pattern": [
    "#X#",
    "X X",
    "# #"
  ],
  "key": {
    "#": {
      "item": "minecraft:leather"
    },
    "X": {
      "item": "minecraft:iron_ingot",
      "data": 2
    }
  },
  "result": {
    "count": 1,
    "id": "minecraft:leather_leggings",
    "components": {
      "custom_data":{"survey_cops":true, "snc_item":1},
      "custom_model_data": 1,
      "trim":{"material":"blank","pattern":"scouts","show_in_tooltip":false},
      "minecraft:custom_name":"{\"translate\":\"aot.surveyleggings\",\"color\":\"dark_green\",\"italic\":false}",
      "minecraft:lore":["{\"translate\":\"aot.surveyleggings.desc\",\"color\":\"gray\",\"italic\":false}","{\"translate\":\"aot.surveyleggings.desc2\",\"color\":\"gray\",\"italic\":false}","{\"translate\":\"aot.surveyleggings.desc3\",\"color\":\"gray\",\"italic\":false}"],
      "minecraft:dyed_color":{"rgb":16777215,"show_in_tooltip":false},
      "minecraft:unbreakable":{"show_in_tooltip":false},
      "minecraft:attribute_modifiers":[{"type":"generic.armor","amount":5,"operation":"add_value","id":"snc.harness.armor","slot":"legs"},{"type":"generic.gravity","amount":-0.01,"operation":"add_value","id":"snc.harness.gravity","slot":"legs"}]
    }
  }
}