{
  "type": "crafting_shaped",
  "category": "misc",
  "pattern": [
    "X X",
    "# #",
    "# #"
  ],
  "key": {
    "#": {
      "item": "minecraft:iron_nugget"
    },
    "X": {
      "item": "minecraft:iron_ingot"
    }
  },
  "result": {
    "count": 1,
    "id": "minecraft:carrot_on_a_stick",
    "components": {
        "custom_data":{"snc_hold":true,"handcuffs":true,"snc_item":1},
        "minecraft:custom_model_data": 42,
        "minecraft:item_name":"{translate:aot.handcuffs}",
        "minecraft:lore":["[{translate:aot.handcuffs.desc,color:gray,italic:false},\" \",{translate:aot.handcuffs.desc2,color:yellow,italic:false}]","[{translate:aot.handcuffs.desc3,color:red,italic:false},\" \",{translate:aot.handcuffs.desc4,color:gray},\" \",{translate:aot.handcuffs.desc5}]","\" \"","{translate:aot.handcuffs.desc6,color:gray,italic:false}","{translate:aot.handcuffs.desc7,color:gray,italic:false}","{translate:aot.handcuffs.desc8,color:gray,italic:false}","{translate:aot.handcuffs.desc9,color:yellow,italic:false}"]
    }
  }
}