{
  "type": "crafting_shapeless",
  "ingredients": [
    {"item": "barrier"}
  ],
  "result": {
    "count": 1,
    "id": "minecraft:carrot_on_a_stick",
    "components": {
        "custom_data":{"snc_hold":true,"inj_full":true,"inj_kon":true,"snc_item":1},
        "minecraft:custom_model_data": 7,
        "enchantment_glint_override":true,
        "minecraft:custom_name":"[{\"translate\":\"aot.syringe\",\"italic\":false,\"color\":\"light_purple\"},{\"text\":\" (\",\"color\":\"light_purple\"},{\"translate\":\"aot.fluid\",\"color\":\"light_purple\"},{\"text\":\")\",\"color\":\"light_purple\"}]",
        "minecraft:lore":[
          "{\"translate\":\"aot.fluid.desc3\",\"color\":\"yellow\",\"italic\":true}",
          "[\"\"]",
          "{\"translate\":\"aot.used\",\"color\":\"gray\",\"italic\":false}",
          "[{\"text\":\" ● \",\"color\":\"yellow\",\"italic\":false},{\"translate\":\"aot.fluid.desc4\",\"color\":\"light_purple\"}]",
          "[{\"text\":\"   \"},{\"translate\":\"aot.fluid.desc5\",\"color\":\"blue\",\"italic\":false}]",
          "[{\"text\":\"   \"},{\"translate\":\"aot.fluid.desc6\",\"color\":\"blue\",\"italic\":false}]",
          "[{\"text\":\" ● \",\"color\":\"yellow\",\"italic\":false},{\"translate\":\"aot.fluid.desc7\",\"color\":\"light_purple\"},\" (\",{\"keybind\":\"key.sneak\"},\")\"]",
          "[{\"text\":\"   \"},{\"translate\":\"aot.fluid.desc8\",\"color\":\"blue\",\"italic\":false}]",
          "[{\"text\":\"   \"},{\"translate\":\"aot.fluid.desc9\",\"color\":\"blue\",\"italic\":false}]",
          "[{\"text\":\"   \"},{\"translate\":\"aot.fluid.desc10\",\"color\":\"blue\",\"italic\":false}]",
          "{\"text\":\" \",\"color\":\"gray\",\"italic\":false}",
          "[{\"translate\":\"aot.warning\",\"color\":\"dark_red\",\"bold\":true,\"italic\":false},{\"translate\":\"aot.fluid.desc11\",\"color\":\"yellow\",\"bold\":false,\"italic\":false}]",
          "{\"translate\":\"aot.fluid.desc12\",\"color\":\"yellow\",\"italic\":false}"
        ]
    }
  }
}