{
    "type": "minecraft:block",
    "pools": [
      {
        "rolls": 1,
        "bonus_rolls": 0,
        "entries": [
          {
            "type": "minecraft:alternatives",
            "children": [
              {
                "type": "minecraft:item",
                "name": "minecraft:deepslate_copper_ore",
                "conditions": [
                  {
                    "condition": "minecraft:match_tool",
                    "predicate": {
                      "predicates": {
                        "minecraft:enchantments": [
                          {
                            "enchantments": "minecraft:silk_touch",
                            "levels": {
                              "min": 1
                            }
                          }
                        ]
                      }
                    }
                  }
                ]
              },
              {
                "type": "minecraft:group",
                "children": [
                  {
                    "type": "minecraft:item",
                    "name": "minecraft:raw_copper",
                    "weight": 3,
                    "functions": [
                      {
                        "function": "minecraft:set_count",
                        "count": {
                          "type": "minecraft:uniform",
                          "min": 3,
                          "max": 4
                        },
                        "add": false
                      },
                      {
                        "function": "minecraft:apply_bonus",
                        "enchantment": "minecraft:fortune",
                        "formula": "minecraft:ore_drops"
                      },
                      {
                        "function": "minecraft:explosion_decay"
                      }
                    ]
                  },
                  {
                    "type": "minecraft:item",
                    "name": "minecraft:quartz",
                    "weight": 1,
                    "functions": [
                      {
                        "function": "minecraft:apply_bonus",
                        "enchantment": "minecraft:fortune",
                        "formula": "minecraft:ore_drops"
                      },
                      {
                        "function": "minecraft:set_count",
                        "count": {
                          "type": "minecraft:uniform",
                          "min": 1,
                          "max": 2
                        },
                        "add": false
                      },
                      {
                        "function": "minecraft:set_components",
                        "components": {
                          "custom_data":{"snc.iceburst":true,"snc_item":1},
                          "minecraft:item_model": "manuever/iceburst_stone",
                          "max_stack_size":4,"consumable":{"consume_seconds":1000000000},
                          "enchantment_glint_override":true,
                          "rarity":"rare",
                          "item_name":"{\"translate\":\"aot.iceburst\"}",
                          "lore":
                            [
                              "{\"translate\":\"aot.iceburst.desc\",\"color\":\"gray\",\"italic\":false}",
                              "{\"translate\":\"aot.iceburst.desc2\",\"color\":\"gray\",\"italic\":false}",
                              "{\"translate\":\"aot.iceburst.desc3\",\"color\":\"yellow\",\"italic\":false}",
                              "{\"text\":\"  \"}",
                              "{\"translate\":\"aot.iceburst.desc4\",\"color\":\"gray\",\"italic\":false}",
                              "[{\"translate\":\"aot.odm\",\"color\":\"red\",\"italic\":false},\" \",{\"translate\":\"aot.iceburst.desc5\",\"color\":\"gray\",\"italic\":false}]",
                              "[{\"translate\":\"aot.iceburst.desc6\",\"color\":\"gray\",\"italic\":false},\" \",{\"translate\":\"aot.mainhand\",\"color\":\"yellow\",\"italic\":false}]"
                            ]
                        }
                      }
                    ]
                  }
                ]
              }
            ]
          }
        ]
      }
    ],
    "random_sequence": "minecraft:blocks/deepslate_copper_ore"
  }
  