{
    "display": {
        "title": {
			"translate": "aot.adv.shifters",
            "color": "dark_red"
        },
        "description": {
			"translate": "aot.adv.shifters.desc",
            "color": "white"
        },
        "icon": {
            "id": "minecraft:written_book",
            "components": {
                "minecraft:item_model": "diary/peng"
            }
        },
        "frame": "task",
        "show_toast": true,
        "announce_to_chat": true,
        "hidden": false
    },
    "criteria": {
        "unlock": {
            "trigger": "minecraft:inventory_changed",
            "conditions": {
                "items": [
                    {"predicates": {"minecraft:custom_data": "{peng:1b}"}},
                    {"predicates": {"minecraft:custom_data": "{peng:2b}"}},
                    {"predicates": {"minecraft:custom_data": "{peng:3b}"}},
                    {"predicates": {"minecraft:custom_data": "{peng:4b}"}},
                    {"predicates": {"minecraft:custom_data": "{peng:5b}"}},
                    {"predicates": {"minecraft:custom_data": "{peng:6b}"}}
                ]
            }
        }
    },
    "rewards": {
        "function": "snc:titans/tangible/field_notes"
    },
    "parent": "snc:titan/close"
}