{"features":[[],["minecraft:lake_lava_underground","minecraft:lake_lava_surface"],["minecraft:amethyst_geode"],["minecraft:monster_room","minecraft:monster_room_deep"],[],[],["minecraft:ore_dirt","minecraft:ore_gravel","minecraft:ore_granite_upper","minecraft:ore_granite_lower","minecraft:ore_diorite_upper","minecraft:ore_diorite_lower","minecraft:ore_andesite_upper","minecraft:ore_andesite_lower","minecraft:ore_tuff","minecraft:ore_coal_upper","minecraft:ore_coal_lower","minecraft:ore_iron_upper","minecraft:ore_iron_middle","minecraft:ore_iron_small","minecraft:ore_gold","minecraft:ore_gold_lower","minecraft:ore_redstone","minecraft:ore_redstone_lower","minecraft:ore_diamond","minecraft:ore_diamond_medium","minecraft:ore_diamond_large","minecraft:ore_diamond_buried","minecraft:ore_lapis","minecraft:ore_lapis_buried","minecraft:ore_copper","minecraft:underwater_magma","minecraft:disk_sand","minecraft:disk_clay","minecraft:disk_gravel"],[],["minecraft:spring_water","minecraft:spring_lava"],["minecraft:glow_lichen","minecraft:forest_flowers","minecraft:trees_birch_and_oak","minecraft:flower_default","minecraft:patch_grass_forest","minecraft:brown_mushroom_normal","minecraft:red_mushroom_normal","minecraft:patch_sugar_cane","minecraft:patch_pumpkin"],["minecraft:freeze_top_layer"]],"effects":{"music":{"replace_current_music":false,"max_delay":24000,"sound":"minecraft:music.overworld.forest","min_delay":12000},"sky_color":7972607,"water_fog_color":329011,"fog_color":12638463,"water_color":4159204,"mood_sound":{"offset":2,"tick_delay":6000,"sound":"minecraft:ambient.cave","block_search_extent":8}},"has_precipitation":true,"carvers":{"air":["minecraft:cave","minecraft:cave_extra_underground","minecraft:canyon"]},"temperature":0.7,"downfall":0.8,"spawn_costs":{},"spawners":{"water_creature":[],"underground_water_creature":[{"weight":10,"minCount":4,"type":"minecraft:glow_squid","maxCount":6}],"ambient":[{"weight":10,"minCount":8,"type":"minecraft:bat","maxCount":8}],"axolotls":[],"creature":[{"weight":12,"minCount":4,"type":"minecraft:sheep","maxCount":4},{"weight":10,"minCount":4,"type":"minecraft:pig","maxCount":4},{"weight":10,"minCount":4,"type":"minecraft:chicken","maxCount":4},{"weight":8,"minCount":4,"type":"minecraft:cow","maxCount":4},{"weight":5,"minCount":4,"type":"minecraft:wolf","maxCount":4}],"water_ambient":[],"misc":[],"monster":[]}}