{
  "type": "minecraft:crafting_shapeless",
  "category": "misc",
  "ingredients": [
      {
          "item": "gold_nugget"
      },
      {
          "item": "barrier"
      }
  ],
  "result": {
    "count": 3,
    "id": "flint",
    "components": {
        "custom_data":{"coin":true,"snc_item":1},
        "custom_model_data": 216,
        "enchantment_glint_override":true,
        "custom_name":"{\"translate\":\"aot.villager.currency\",\"color\":\"gold\",\"italic\":false}"
    }
  }
}