{
  "type": "minecraft:crafting_shapeless",
  "category": "misc",
  "ingredients": [
      {
          "item": "poppy"
      },
      {
          "item": "paper"
      }
  ],
  "result": {
    "count": 1,
    "id": "minecraft:carrot_on_a_stick",
    "components": {
        "custom_data":{"gene":true,"inv":true,"snc_item":1},
        "minecraft:custom_model_data": 48,
        "minecraft:custom_name":"{\"translate\":\"aot.inv\",\"color\":\"red\",\"italic\":false}",
        "minecraft:lore":["{\"translate\":\"aot.inv.desc1\",\"color\":\"gray\",\"italic\":false}","{\"translate\":\"aot.inv.desc2\",\"color\":\"gray\",\"italic\":false}","{\"text\":\" \",\"color\":\"gray\",\"italic\":false}","{\"translate\":\"aot.used\",\"color\":\"gray\",\"italic\":false}","[{\"translate\":\"aot.inv.desc3\",\"color\":\"blue\",\"italic\":false}]"]
    }
  }
}