{
  "type": "minecraft:crafting_shapeless",
  "ingredients": [
      {"item": "barrier"}
  ],
  "result": {
      "id": "minecraft:carved_pumpkin",
      "count": 1,
      "components": {
          "custom_data": {"snc_item":1},
          "custom_model_data":41,
          "custom_name": "{\"translate\":\"aot.feng\",\"color\":\"gold\",\"italic\":false}",
          "lore": [
            "{\"translate\":\"aot.feng.desc\",\"color\":\"gray\",\"italic\":false}",
            "{\"translate\":\"aot.feng.desc2\",\"color\":\"gray\",\"italic\":false}",
            "{\"translate\":\"aot.feng.desc3\",\"color\":\"gray\",\"italic\":false}",
            "{\"translate\":\"aot.feng.desc4\",\"color\":\"gray\",\"italic\":false}",
            "[{\"translate\":\"aot.feng.desc5\",\"color\":\"gray\",\"italic\":false},\" \",{\"translate\":\"aot.feng.desc6\",\"color\":\"aqua\",\"bold\":true,\"italic\":false}]",
            "{\"translate\":\"aot.feng.desc7\",\"color\":\"gray\",\"italic\":false}",
            "{\"text\":\" \",\"color\":\"gray\",\"italic\":false}",
            "{\"translate\":\"aot.feng.desc8\",\"color\":\"yellow\"}"
          ]
      }
  }
}