{
    "type": "minecraft:crafting_shapeless",
    "category": "misc",
    "ingredients": [
        {
            "item": "name_tag"
        },
        {
            "item": "feather"
        },
        {
            "item": "paper"
        }
    ],
    "result": {
        "count": 1,
        "id": "minecraft:carrot_on_a_stick",
        "components": {
            "custom_data":{"rename":true,"snc_item":1},
            "minecraft:custom_model_data": 54,
            "minecraft:custom_name":"{\"translate\":\"aot.rename\",\"italic\":false,\"color\":\"white\"}",
            "minecraft:lore":["{\"translate\":\"aot.rename.desc\",\"color\":\"yellow\",\"italic\":true}","[\"\"]","{\"translate\":\"aot.how\",\"color\":\"gray\",\"italic\":false}","[{\"text\":\" ● \",\"color\":\"yellow\",\"italic\":false},{\"translate\":\"aot.rename.desc2\",\"color\":\"white\"}]","[{\"text\":\"   \"},{\"translate\":\"aot.rename.desc3\",\"color\":\"blue\",\"italic\":false}]","[{\"text\":\"   \"},{\"translate\":\"aot.rename.desc4\",\"color\":\"blue\",\"italic\":false}]","[{\"text\":\" ● \",\"color\":\"yellow\",\"italic\":false},{\"translate\":\"aot.rename.desc5\",\"color\":\"white\"}]","[{\"text\":\"   \"},{\"translate\":\"aot.rename.desc6\",\"color\":\"blue\",\"italic\":false}]","[{\"text\":\"   \"},{\"translate\":\"aot.rename.desc7\",\"color\":\"blue\",\"italic\":false}]","{\"text\":\" \"}"]
        }
    }
  }