{
    "type": "minecraft:crafting_shapeless",
    "ingredients": [
        {"item": "barrier"}
    ],
    "result": {
        "id": "minecraft:carved_pumpkin",
        "count": 1,
        "components": {
            "minecraft:custom_name": "[{\"translate\":\"aot.titan.attack\",\"color\":\"white\",\"italic\":false},\" \",{\"translate\":\"aot.skull\"},\" \",{\"translate\":\"aot.replica\"}]",
            "minecraft:lore": [
              "{\"translate\":\"Decoration\",\"color\":\"blue\",\"italic\":false}"
            ],
            "minecraft:custom_model_data": 40
          }
    }
  }