{
    "function": "minecraft:set_components",
    "components": {
        "trim": {"material":"minecraft:armor","pattern":"minecraft:armored"},
        "item_name":"[{\"translate\":\"aot.ability.hardening.hardened\"},\" \",{\"translate\":\"item.minecraft.iron_boots\"}]",
        "rarity":"uncommon",
        "max_damage":295,
        "custom_model_data": 1,
        "minecraft:attribute_modifiers": {
            "modifiers": [
                {
                    "type": "minecraft:armor",
                    "id": "snc.boots.armor",
                    "amount": 2,
                    "operation": "add_value",
                    "slot": "feet"
                },{
                    "type":"armor_toughness",
                    "id": "snc.boots.armor_toughness",
                    "amount":1,
                    "operation":"add_value",
                    "slot":"feet"
                },{
                    "type":"knockback_resistance",
                    "id": "snc.boots.knockback_resistance",
                    "amount":0.1,
                    "operation":"add_value",
                    "slot":"feet"
                },{
                    "type":"scale",
                    "id": "snc.boots.scale",
                    "amount":0.035,
                    "operation":"add_multiplied_total",
                    "slot":"feet"
                },{
                    "type":"attack_damage",
                    "id": "snc.boots.attack_damage",
                    "amount":-0.02,
                    "operation":"add_multiplied_total",
                    "slot":"feet"
                },{
                    "type":"movement_speed",
                    "id": "snc.boots.movement_speed",
                    "amount":-0.015,
                    "operation":"add_multiplied_total",
                    "slot":"feet"
                }
            ]
          }
    }
}