{
  "elements": [
    {
      "element": {
        "element_type": "minecraft:legacy_single_pool_element",
        "location": "minecraft:village/desert/streets/joint_l",
        "processors": {
          "processors": []
        },
        "projection": "terrain_matching"
      },
      "weight": 1
    },
    {
      "element": {
        "element_type": "minecraft:legacy_single_pool_element",
        "location": "minecraft:village/desert/streets/straight",
        "processors": {
          "processors": []
        },
        "projection": "terrain_matching"
      },
      "weight": 2
    },
    {
      "element": {
        "element_type": "minecraft:legacy_single_pool_element",
        "location": "minecraft:village/desert/streets/joint_t",
        "processors": {
          "processors": []
        },
        "projection": "terrain_matching"
      },
      "weight": 3
    },
    {
      "element": {
        "element_type": "minecraft:legacy_single_pool_element",
        "location": "minecraft:village/desert/streets/joint_x",
        "processors": {
          "processors": []
        },
        "projection": "terrain_matching"
      },
      "weight": 1
    }
  ],
  "fallback": "minecraft:village/desert/terminators"
}