{
  "type": "minecraft:crafting_shapeless",
  "category": "equipment",
  "ingredients": [
    {
        "item": "minecraft:minecart"
    },
    {
        "item": "minecraft:minecart"
    },
    {
        "item": "minecraft:minecart"
    },
    {
        "item": "minecraft:carrot_on_a_stick"
    }
  ],
  "result": {
    "count": 1,
    "id": "minecraft:carrot_on_a_stick",
    "components": {
        "custom_data":{"trigger":true,"spear":true,"load":true,"snc_item":1},
        "minecraft:custom_model_data": 27,
        "damage":0,      
        "max_damage":100,
        "minecraft:custom_name":"[{\"translate\":\"aot.gas\",\"color\":\"dark_red\",\"italic\":false},{\"text\":\" (\",\"color\":\"dark_red\"},{\"translate\":\"aot.thunder\",\"color\":\"dark_red\"},{\"text\":\")\",\"color\":\"dark_red\"}]",
        "minecraft:lore":["{\"translate\":\"aot.thunder.desc1\",\"color\":\"gray\",\"italic\":false}","{\"translate\":\"aot.thunder.desc2\",\"color\":\"gray\",\"italic\":false}","{\"translate\":\"aot.thunder.desc3\",\"color\":\"gray\",\"italic\":false}","{\"text\":\" \"}","{\"translate\":\"aot.odmstatus\",\"color\":\"gray\",\"italic\":false}","[{\"text\":\"\"},{\"translate\":\"aot.odmstatus.swing\",\"color\":\"blue\",\"italic\":false}]","{\"text\":\" \"}","{\"translate\":\"aot.mainhand\",\"color\":\"gray\",\"italic\":false}","[{\"text\":\"+2 \",\"color\":\"blue\",\"italic\":false},{\"translate\":\"aot.thunder.rew.weight\",\"color\":\"blue\",\"italic\":false}]"],
        "minecraft:attribute_modifiers":[{"type":"generic.attack_speed","amount":-0.3,"operation":"add_value","id":"snc.gas_trigger.attack_speed","slot":"mainhand"}]
    }
  }
}