{
  "type": "minecraft:crafting_shaped",
  "pattern": [
      "i",
      "i",
      "t"
  ],
  "key": {
      "i": {
          "item": "minecraft:iron_ingot"
      },
      "t": {
          "item": "minecraft:quartz"
      }
  },
  "result": {
      "id": "minecraft:minecart",
      "count": 1,
      "components": { "custom_data":{"spear":true, "snc_item":1}, "minecraft:custom_model_data": 4, "minecraft:custom_name":"{\"translate\":\"aot.thunder\",\"color\":\"dark_red\",\"italic\":false}", "minecraft:lore":["{\"translate\":\"aot.thunder.spear.desc1\",\"color\":\"gray\",\"italic\":false}","{\"translate\":\"aot.thunder.spear.desc2\",\"color\":\"gray\",\"italic\":false}","{\"translate\":\"aot.thunder.spear.desc3\",\"color\":\"gray\",\"italic\":false}"]}
  }
}