{
    "type": "minecraft:entity",
    "pools": [
      {
        "rolls": 1,
        "bonus_rolls": 0,
        "entries": [
          {
            "type": "minecraft:item",
            "name": "minecraft:cod",
            "functions": [
              {
                "function": "minecraft:furnace_smelt",
                "conditions": [
                  {
                    "condition": "minecraft:entity_properties",
                    "entity": "this",
                    "predicate": {
                      "flags": {
                        "is_on_fire": true
                      }
                    }
                  }
                ]
              }
            ]
          }
        ]
      },
      {
        "rolls": 2,
        "bonus_rolls": 0,
        "entries": [
          {
            "type": "minecraft:item",
            "name": "minecraft:bone_meal"
          }
        ],
        "conditions": [
          {
            "condition": "minecraft:random_chance",
            "chance": 0.3
          }
        ]
      }
    ],
    "random_sequence": "minecraft:entities/cod"
  }
  