{
    "type": "minecraft:entity",
    "pools": [
      {
        "rolls": 1,
        "bonus_rolls": 0,
        "entries": [
          {
            "type": "minecraft:item",
            "name": "minecraft:leather",
            "functions": [
              {
                "function": "minecraft:set_count",
                "count": {
                  "type": "minecraft:uniform",
                  "min": 0,
                  "max": 2
                },
                "add": false
              },
              {
                "function": "minecraft:looting_enchant",
                "count": {
                  "type": "minecraft:uniform",
                  "min": 0,
                  "max": 1
                }
              }
            ]
          }
        ]
      },
      {
        "rolls": 2,
        "entries": [
          {
            "type": "minecraft:item",
            "name": "minecraft:bone",
            "conditions": [
              {
                "condition": "minecraft:random_chance",
                "chance": 1
              }
            ]
          }
        ]
      }
    ],
    "random_sequence": "minecraft:entities/llama"
  }
  