{
    "type": "crafting_shaped",
    "category": "misc",
    "pattern": [
      "   ",
      " #X",
      "  L"
    ],
    "key": {
      "#": {
        "item": "minecraft:andesite"
      },
      "X": {
        "tag": "logs"
      },
      "L": {
        "item": "minecraft:lever"
      }
    },
    "result": {
      "count": 1,
      "id": "minecraft:minecart",
      "components": {
          "custom_data":{"snc_item":1},
          "custom_model_data": 5,
          "custom_name":"[{\"translate\":\"aot.gun.flare\",\"color\":\"white\",\"italic\":false}]",
          "lore":["{\"translate\":\"aot.gun.flare.desc\",\"color\":\"gray\",\"italic\":false}","{\"translate\":\"aot.gun.flare.desc2\",\"color\":\"gray\",\"italic\":false}","{\"translate\":\"aot.gun.flare.desc3\",\"color\":\"gray\",\"italic\":false}","{\"translate\":\"aot.gun.flare.desc4\",\"color\":\"gray\",\"italic\":false}"]
      }
    }
  }