{
  "type": "minecraft:crafting_shapeless",
  "category": "misc",
  "ingredients": [
    {
      "item": "minecraft:minecart"
    },
    {
      "item": "minecraft:blue_dye"
    },
    {
      "item": "minecraft:gunpowder"
    }
  ],
  "result": {
    "count": 1,
    "id": "minecraft:carrot_on_a_stick",
    "components": {
        "custom_data":{"gun":true,"blue":true,"snc_item":1},
        "minecraft:custom_model_data": 31,
        "minecraft:custom_name":"[{\"translate\":\"aot.gun.flare\",\"color\":\"white\",\"italic\":false},\" (\",{\"translate\":\"aot.gun.flare.blue\",\"color\":\"blue\"},\")\"]",
        "minecraft:lore":["{\"translate\":\"aot.gun.flare.blue.desc\",\"color\":\"gray\",\"italic\":false}","{\"text\":\" \"}","{\"translate\":\"aot.used\",\"color\":\"gray\",\"italic\":false}","{\"translate\":\"aot.gun.flare.desc5\",\"color\":\"blue\",\"italic\":false}"]
    }
  }
}