{
  "type": "minecraft:crafting_shapeless",
  "category": "misc",
  "ingredients": [
    {
      "item": "minecraft:minecart"
    },
    {
      "item": "minecraft:purple_dye"
    },
    {
      "item": "minecraft:gunpowder"
    }
  ],
  "result": {
    "count": 1,
    "id": "minecraft:carrot_on_a_stick",
    "components": {
        "custom_data":{"gun":true,"purple":true,"snc_item":1},
        "custom_model_data": 33,
        "custom_name":"[{\"translate\":\"aot.gun.flare\",\"color\":\"white\",\"italic\":false},\" (\",{\"translate\":\"aot.gun.flare.purple\",\"color\":\"dark_purple\"},\")\"]",
        "lore":["{\"translate\":\"aot.gun.flare.purple.desc\",\"color\":\"gray\",\"italic\":false}","{\"translate\":\"aot.gun.flare.purple.desc2\",\"color\":\"gray\",\"italic\":false}","{\"text\":\" \"}","{\"translate\":\"aot.used\",\"color\":\"gray\",\"italic\":false}","{\"translate\":\"aot.gun.flare.desc5\",\"color\":\"blue\",\"italic\":false}"]
    }
  }
}