[
  {
    "function": "minecraft:set_components",
    "components": {
        "damage":0,
        "minecraft:custom_model_data": 1,
        "minecraft:enchantments":{"levels":{"snc:swing":1,"snc:slash": 1},"show_in_tooltip":false},
        "minecraft:lore":
          [
            "{\"translate\":\"aot.odm.desc2\",\"color\":\"gray\",\"italic\":false}",
            "[{\"translate\":\"aot.odm.desc3\",\"color\":\"gray\",\"italic\":false},\" \",{\"translate\":\"aot.mainhand\",\"color\":\"yellow\",\"italic\":false}]",
            "{\"text\":\"\"}",
  
            "{\"translate\":\"aot.odm.inst\",\"color\":\"aqua\",\"italic\":false}",
  
            "[{\"text\":\" ● \",\"color\":\"yellow\",\"italic\":false},{\"translate\":\"aot.odm.inst1\",\"color\":\"gray\",\"italic\":false},\" \",{\"text\":\"ODM\",\"color\":\"yellow\",\"italic\":false},\" \",{\"translate\":\"aot.odm.inst2\",\"color\":\"gray\",\"italic\":false},\" \",{\"translate\":\"aot.offhand\",\"color\":\"yellow\",\"italic\":false},\" \",{\"translate\":\"aot.odm.inst3\",\"color\":\"gray\",\"italic\":false}]",
            "[{\"text\":\"   \"},{\"translate\":\"aot.odm.inst4\",\"color\":\"gray\",\"italic\":false}]",
            "[{\"text\":\"   \"},{\"translate\":\"aot.odm.inst5\",\"color\":\"gray\",\"italic\":false}]",
  
            "[{\"text\":\" ● \",\"color\":\"yellow\",\"italic\":false},{\"translate\":\"aot.odm.mod.blades\",\"color\":\"green\",\"italic\":false},\" \",{\"translate\":\"aot.odm.mod.blades2\",\"color\":\"gray\",\"italic\":false}]",
            "[{\"text\":\"   \"},{\"translate\":\"aot.odm.mod.blades3\",\"color\":\"gray\",\"italic\":false}]",
            "[{\"text\":\"   \"},{\"translate\":\"aot.odm.mod.blades4\",\"color\":\"gray\",\"italic\":false},\" \",{\"translate\":\"aot.steel\",\"color\":\"red\",\"italic\":false},\" \",{\"translate\":\"aot.odm.mod.blades5\",\"color\":\"gray\",\"italic\":false}]",
  
            "{\"text\":\"\"}",
            "{\"translate\":\"aot.odm.mod\",\"color\":\"aqua\",\"italic\":false}",
            "[{\"text\":\" ● \",\"color\":\"yellow\",\"italic\":false},{\"translate\":\"aot.steel\",\"color\":\"gray\",\"italic\":false}]",
            "[{\"text\":\" ● \",\"color\":\"yellow\",\"italic\":false},{\"translate\":\"aot.thunder\",\"color\":\"gray\",\"italic\":false}]",
            "[{\"text\":\" ● \",\"color\":\"yellow\",\"italic\":false},{\"translate\":\"aot.cartridges\",\"color\":\"gray\",\"italic\":false}]"
          ]
    }
  },{
    "function": "minecraft:set_custom_data",
    "tag": {
        "blade" : true
    }
  },{
    "function": "minecraft:set_attributes",
    "modifiers": [
       {"attribute":"generic.attack_damage","id":"snc.gas_trigger.attack_damage","operation":"add_value",
       "amount":4.5,"slot":"mainhand"},
       {"attribute":"generic.attack_speed","id":"snc.gas_trigger.attack_speed","operation":"add_value",
       "amount":-1.6,"slot":"mainhand"},
       {"attribute": "player.entity_interaction_range","id": "snc.gas_trigger.entity_interaction_range","operation": "add_value",
       "amount":1.5,"slot":"mainhand"}
    ],"replace": true}
]