[
  {
      "function": "minecraft:set_components",
      "components": {
          "damage":100,
          "minecraft:custom_model_data":3,
          "minecraft:lore":
            [
              "{\"translate\":\"aot.odm.desc2\",\"color\":\"gray\",\"italic\":false}",
              "[{\"translate\":\"aot.odm.desc3\",\"color\":\"gray\",\"italic\":false},\" \",{\"translate\":\"aot.offhand\",\"color\":\"yellow\",\"italic\":false}]",
              "{\"text\":\"\"}",
  
              "{\"translate\":\"aot.odm.inst\",\"color\":\"aqua\",\"italic\":false}",
  
              "[{\"text\":\" ● \",\"color\":\"yellow\",\"italic\":false},{\"translate\":\"aot.odm.inst1\",\"color\":\"gray\",\"italic\":false},\" \",{\"translate\":\"aot.gas\",\"color\":\"yellow\",\"italic\":false},\" \",{\"translate\":\"aot.odm.inst2\",\"color\":\"gray\",\"italic\":false},\" \",{\"translate\":\"aot.mainhand\",\"color\":\"yellow\",\"italic\":false},\" \",{\"translate\":\"aot.odm.inst3\",\"color\":\"gray\",\"italic\":false}]",
              "[{\"text\":\"   \"},{\"translate\":\"aot.odm.inst4\",\"color\":\"gray\",\"italic\":false}]",
              "[{\"text\":\"   \"},{\"translate\":\"aot.odm.inst5\",\"color\":\"gray\",\"italic\":false}]",
  
              "[{\"text\":\" ● \",\"color\":\"yellow\",\"italic\":false},{\"translate\":\"aot.odm.inst6\",\"color\":\"gray\",\"italic\":false}]",
              "[{\"text\":\"   \"},{\"translate\":\"aot.odm.inst7\",\"color\":\"gray\",\"italic\":false},\" \",{\"translate\":\"aot.iceburst\",\"color\":\"aqua\",\"italic\":false}]",
              "[{\"text\":\"   \"},{\"translate\":\"aot.odm.inst8\",\"color\":\"gray\",\"italic\":false},\" \",{\"translate\":\"aot.mainhand\",\"color\":\"yellow\",\"italic\":false},\" \",{\"translate\":\"aot.odm.inst9\",\"color\":\"gray\",\"italic\":false}]",
              "{\"text\":\"\"}",
              "{\"translate\":\"aot.odm.mod\",\"color\":\"aqua\",\"italic\":false}",
              "[{\"text\":\" ● \",\"color\":\"yellow\",\"italic\":false},{\"translate\":\"aot.steel\",\"color\":\"gray\",\"italic\":false}]",
              "[{\"text\":\" ● \",\"color\":\"yellow\",\"italic\":false},{\"translate\":\"aot.thunder\",\"color\":\"gray\",\"italic\":false}]",
              "[{\"text\":\" ● \",\"color\":\"yellow\",\"italic\":false},{\"translate\":\"aot.cartridges\",\"color\":\"gray\",\"italic\":false}]"
            ]
      }
    },{
      "function": "minecraft:set_custom_data",
      "tag": {
          "blade" : false
      }
    },{
      "function": "minecraft:set_attributes",
      "modifiers": [
        {"attribute":"generic.attack_speed","id":"snc.odm_gear.attack_speed","operation":"add_value",
        "amount":-1.6,"slot":"offhand"}
      ],"replace": true}
]