{
    "display": {
        "icon": {
            "id": "minecraft:leather_helmet",
            "components": {
                "minecraft:dyed_color":{
                    "rgb":16777215,
                    "show_in_tooltip":false
                },
                "custom_model_data":1
            }
        },
        "title": {
			"translate": "aot.adv.survey",
            "color": "dark_green"
        },
        "description": {
			"translate": "aot.adv.survey.desc",
            "color": "white"
        },
        "frame": "task",
        "show_toast": true,
        "announce_to_chat": true,
        "hidden": false
    },
    "criteria": {
      "Hood": {
        "trigger": "minecraft:inventory_changed",
        "conditions": {
            "items": 
                [
                    {
                        "id":"minecraft:carved_pumpkin",
                        "predicates": {"minecraft:custom_data": "{survey_cops:1b}"}
                    }
                ]
        }
      },
      "Cape": {
        "trigger": "minecraft:inventory_changed",
        "conditions": {
            "items": 
                [
                    {
                        "id":"minecraft:leather_chestplate",
                        "predicates": {"minecraft:custom_data": "{survey_cops:1b}"}
                    }
                ]
        }
      },
      "Harness": {
        "trigger": "minecraft:inventory_changed",
        "conditions": {
            "items": 
                [
                    {
                        "id":"minecraft:leather_leggings",
                        "predicates": {"minecraft:custom_data": "{survey_cops:1b}"}
                    }
                ]
        }
      },
      "Boots": {
        "trigger": "minecraft:inventory_changed",
        "conditions": {
            "items": 
                [
                    {
                        "id":"minecraft:leather_boots",
                        "predicates": {"minecraft:custom_data": "{survey_cops:1b}"}
                    }
                ]
        }
      }
    },
    "requirements": [
      [
        "Hood",
        "Cape",
        "Harness",
        "Boots"
      ]
    ],
    "parent": "snc:root"
  }