{
    "display": {
        "title": {
            "translate": "aot.adv.barrels",
            "color": "light_purple"
        },
        "description": {
            "translate": "aot.adv.barrels.desc",
            "color": "white"
        },
        "icon": {
            "id": "minecraft:carrot_on_a_stick",
            "components": {
                "item_model": "shifters/cart/item/barrels"
            }
        },
        "frame": "goal",
        "show_toast": true,
        "announce_to_chat": false,
        "hidden": false
    },
    "criteria": {
        "unlock": {
            "trigger": "minecraft:impossible"
        }
    },
    "parent": "snc:shifters/cart/get"
}