{
    "display": {
        "title": {
            "translate": "aot.titan.cart",
            "color": "light_purple"
        },
        "description": {
            "translate": "aot.adv.cart.desc",
            "color": "white"
        },
        "icon": {
            "id": "minecraft:carved_pumpkin",
            "components": {
                "item_model": "trophies/cart_head"
            }
        },
        "frame": "challenge",
        "show_toast": true,
        "announce_to_chat": false,
        "hidden": true
    },
    "criteria": {
        "unlock": {
            "trigger": "minecraft:impossible"
        }
    },
    "rewards": {
        "function": "snc:api/give/misc/guide/shipload"
    },
    "parent": "snc:shifters/aura"
}