{
    "display": {
        "title": {
			"translate": "aot.steel",
            "color": "gray"
        },
        "description": {
			"translate": "aot.steel.desc",
            "color": "white"
        },
        "icon": {
            "id": "minecraft:quartz",
            "components": {
                "minecraft:item_model": "manuever/blade"
            }
        },
        "frame": "task",
        "show_toast": true,
        "announce_to_chat": true,
        "hidden": false
    },
    "criteria": {
        "Craft Ultra Hard Steel": {
            "trigger": "minecraft:recipe_unlocked",
            "conditions": {
                "recipe": "snc:survey_corps/odm/blade"
            }
        }
    },
    "rewards": {
        "experience": 40
    },
    "parent": "snc:survey/odm/gear"
}