{
    "display": {
        "title": {
			"translate": "aot.adv.iceboom",
            "color": "aqua"
        },
        "description": {
			"translate": "aot.adv.iceboom.desc",
            "color": "white"
        },
        "icon": {
            "id": "minecraft:quartz",
            "components": {
                "minecraft:custom_model_data": 15,"enchantment_glint_override":true
            }
        },
        "frame": "challenge",
        "show_toast": true,
        "announce_to_chat": true,
        "hidden": true
    },
    "criteria": {
        "iceburst": {
          "trigger": "minecraft:impossible"
        }
    },
    "rewards": {
        "experience": 40
    },
    "parent": "snc:survey/odm/iceburst"
}