{
    "display": {
        "title": {
			"translate": "aot.adv.gas",
            "color": "dark_red"
        },
        "description": {
            "text": "Seid ihr das Essen?",
            "color": "white"
        },
        "icon": {
            "id": "minecraft:warped_fungus_on_a_stick",
            "components": {
                "minecraft:custom_model_data": 12
            }
        },
        "frame": "task",
        "show_toast": true,
        "announce_to_chat": true,
        "hidden": false
    },
    "criteria": {
        "unlock": {
        "trigger": "minecraft:inventory_changed",
        "conditions": {
            "items": [
                {
                    "id":"warped_fungus_on_a_stick",
                    "predicates": {"minecraft:custom_data": "{blade:1b}"}
                },
                {
                    "id":"carrot_on_a_stick",
                    "predicates": {"minecraft:custom_data": "{blade:1b}"}
                }
            ]
        }
    }
    },
    "rewards": {
        "experience": 100
    },
    "parent": "snc:survey/odm/blade"
}