{
  "type": "minecraft:entity",
  "pools": [
    {
      "rolls": 1,
      "entries": [
        {"type": "minecraft:item", "name": "minecraft:barrier",
          "functions": [{"function": "minecraft:set_components",
              "components": {"minecraft:custom_data": {"atk_shifter":1,"restart_cart":1}}}],
          "conditions": [
            {"condition": "minecraft:entity_scores", "entity": "this",
              "scores": {"cart_vars": 1}}]},
        {"type": "minecraft:item", "name": "minecraft:barrier",
          "functions": [{"function": "minecraft:set_components",
              "components": {"minecraft:custom_data": {"atk_shifter":1,"restart_colossal":1}}}],
          "conditions": [
            {"condition": "minecraft:entity_scores", "entity": "this",
              "scores": {"colossal_vars": 1}}]},
        {"type": "minecraft:item", "name": "minecraft:barrier",
          "functions": [{"function": "minecraft:set_components",
              "components": {"minecraft:custom_data": {"atk_shifter":1,"restart_attack":1}}}],
          "conditions": [
            {"condition": "minecraft:entity_scores", "entity": "this",
              "scores": {"attack_vars": 1}}]},
        {"type": "minecraft:item", "name": "minecraft:barrier",
          "functions": [{"function": "minecraft:set_components",
              "components": {"minecraft:custom_data": {"atk_shifter":1,"restart_beast":1}}}],
          "conditions": [
            {"condition": "minecraft:entity_scores", "entity": "this",
              "scores": {"beast_vars": 1}}]},
        {"type": "minecraft:item", "name": "minecraft:barrier",
          "functions": [{"function": "minecraft:set_components",
              "components": {"minecraft:custom_data": {"atk_shifter":1,"restart_armor":1}}}],
          "conditions": [
            {"condition": "minecraft:entity_scores", "entity": "this",
              "scores": {"armor_vars": 1}}]}
      ]
    }
  ],
  "random_sequence": "minecraft:entities/villager"
}