{
    "type": "minecraft:crafting_shapeless",
    "ingredients": [
        {"item": "barrier"}
    ],
    "result": {
        "id": "minecraft:carrot_on_a_stick",
        "count": 1,
        "components": {
            "custom_data": {"shipload":true,"barrels":true,"snc_item":1},
            "custom_model_data": 56,
            "custom_name": "[{\"translate\":\"aot.ability.shipload\",\"italic\":false},\": \",{\"translate\":\"aot.ability.shipload.barrels\"}]",
            "lore": [
                "{\"translate\":\"aot.ability.shipload.desc\",\"italic\":false,\"color\":\"gray\"}",
                "[{\"translate\":\"aot.ability.shipload.desc2\",\"italic\":false,\"color\":\"gray\"},\" \",{\"translate\":\"aot.titan.cart\",\"italic\":false,\"color\":\"light_purple\"}]",
                "{\"translate\":\"aot.ability.shipload.desc3\",\"italic\":false,\"color\":\"gray\"}",
                "{\"text\":\"\"}",
                "{\"translate\":\"aot.used\",\"italic\":false,\"color\":\"gray\"}",
                "[{\"text\":\"+4 \",\"color\": \"blue\",\"italic\": false},{\"translate\":\"aot.ability.shipload.barrels\",\"italic\":false,\"color\":\"blue\"}]"
            ]
          }
    }
  }