{
    "display": {
        "title": {
			"translate": "aot",
            "color": "dark_red",
            "bold": true
        },
        "description": {
			"translate": "aot.credit",
            "color": "gray"
        },
        "icon": {
            "id": "minecraft:arrow",
            "components": {
                "minecraft:custom_model_data": 2
            }
        },
        "frame": "task",
        "show_toast": false,
        "announce_to_chat": true,
        "hidden": false,
        "background": "minecraft:textures/gui/advancements/backgrounds/grass_block.png"
    },
    "criteria": {
        "unlock": {
            "trigger": "minecraft:impossible"
        }
    },
    "rewards": {
        "function": "snc:api/give/misc/guide/shingeki"
    }
}