[
  {
    "function": "minecraft:set_components",
    "components": {
      "minecraft:attribute_modifiers": {
        "modifiers": [
          {
            "type": "minecraft:generic.armor",
            "id": "snc.leggings.armor",
            "amount": 4,
            "operation": "add_value",
            "slot": "head"
          },
          {
            "type": "minecraft:generic.armor_toughness",
            "id": "snc.leggings.armor_toughness",
            "amount": 12,
            "operation": "add_value",
            "slot": "head"
          }
        ]
      }
    }
  }
]