{
  "type": "crafting_shaped",
  "category": "equipment",
  "pattern": [
    "#",
    "X"
  ],
  "key": {
    "#": {
      "item": "minecraft:leather"
    },
    "X": {
      "item": "minecraft:iron_ingot"
    }
  },
  "result": {
    "count": 1,
    "id": "minecraft:carrot_on_a_stick",
    "components": {
      "custom_data":{"trigger":true, "snc_item":1},
      "minecraft:custom_model_data": 2,
      "damage":100,
      "max_damage":100,
      "minecraft:custom_name":"{\"translate\":\"aot.gas\",\"color\":\"white\",\"italic\":false}",
      "minecraft:lore":["{\"translate\":\"aot.gas.desc2\",\"color\":\"gray\",\"italic\":false}","{\"translate\":\"aot.gas.desc3\",\"color\":\"gray\",\"italic\":false}","{\"text\":\" \",\"color\":\"gray\",\"italic\":false}","[{\"translate\":\"aot.odmstatus\",\"color\":\"gray\",\"italic\":false}]","[{\"text\":\"\"},{\"translate\":\"aot.odmstatus.swing\",\"color\":\"blue\",\"italic\":false}]"],
      "minecraft:attribute_modifiers":[{"type":"generic.attack_speed","amount":-0.3,"operation":"add_value","id":"snc.gas_trigger.attack_speed","slot":"mainhand"}]
    }
  }    
}