{
  "type": "minecraft:crafting_shapeless",
  "category": "equipment",
  "ingredients": [
    {
      "item": "minecraft:iron_ingot"
    },
    {
      "item": "minecraft:carrot_on_a_stick"
    }
  ],
  "result": {
    "count": 1,
    "id": "minecraft:carrot_on_a_stick",
    "components": {
      "custom_data":{"blade":true, "trigger":true, "snc_item":1},
      "damage":0,
      "max_damage":100,
      "minecraft:custom_model_data": 1,
      "minecraft:custom_name":"[{\"translate\":\"aot.gas\",\"color\":\"dark_red\",\"italic\":false},{\"text\":\" (\",\"color\":\"dark_red\"},{\"translate\":\"aot.steel\",\"color\":\"dark_red\"},{\"text\":\")\",\"color\":\"dark_red\"}]",
      "minecraft:lore":["{\"translate\":\"aot.gas2.desc\",\"color\":\"gray\",\"italic\":false}","{\"translate\":\"aot.gas2.desc2\",\"color\":\"gray\",\"italic\":false}","{\"translate\":\"aot.gas2.desc3\",\"color\":\"gray\",\"italic\":false}","{\"text\":\" \",\"color\":\"gray\",\"italic\":false}","{\"translate\":\"aot.odmstatus\",\"color\":\"gray\",\"italic\":false}","[{\"text\":\"\"},{\"translate\":\"aot.odmstatus.swing\",\"color\":\"blue\",\"italic\":false}]"],
      "minecraft:attribute_modifiers":[{"type":"generic.attack_damage","amount":3,"operation":"add_value","id":"snc.gas_trigger.attack_damage","slot":"mainhand"},{"type":"generic.attack_speed","amount":-0.3,"operation":"add_value","id":"snc.gas_trigger.attack_speed","slot":"mainhand"}]}
  }
}