{
  "type": "minecraft:crafting_shapeless",
  "category": "equipment",
  "ingredients": [
    {
      "item": "minecraft:iron_ingot"
    },
    {
      "item": "minecraft:warped_fungus_on_a_stick"
    }
  ],
  "result": {
    "count": 1,
    "id": "minecraft:warped_fungus_on_a_stick",
    "components": {
      "custom_data":{"blade":true, "odm_gear":true, "snc_item":1},
      "damage":0,
      "max_damage":100,
      "minecraft:custom_model_data":2,
      "minecraft:custom_name":"[{\"translate\":\"aot.odm\",\"color\":\"dark_red\",\"italic\":false},{\"text\":\" (\",\"color\":\"dark_red\"},{\"translate\":\"aot.steel\",\"color\":\"dark_red\"},{\"text\":\")\",\"color\":\"dark_red\"}]",
      "minecraft:lore":["{\"translate\":\"aot.gas2.desc\",\"color\":\"gray\",\"italic\":false}","{\"translate\":\"aot.gas2.desc2\",\"color\":\"gray\",\"italic\":false}","{\"translate\":\"aot.gas2.desc3\",\"color\":\"gray\",\"italic\":false}","{\"text\":\" \",\"color\":\"gray\",\"italic\":false}","{\"translate\":\"aot.odmstatus2\",\"color\":\"gray\",\"italic\":false}","[{\"text\":\"\"},{\"translate\":\"aot.odmstatus.swing\",\"color\":\"blue\",\"italic\":false}]"],
      "minecraft:attribute_modifiers":[{"type":"generic.attack_damage","amount":3,"operation":"add_value","id":"snc.odm_gear.attack_damage","slot":"offhand"},{"type":"generic.attack_speed","amount":-0.3,"operation":"add_value","id":"snc.odm_gear.attack_speed","slot":"offhand"}]
    }
  }
}