{
    "type": "crafting_shaped",
    "category": "equipment",
    "pattern": [
      "#  ",
      "XO ",
      "@ @"
    ],
    "key": {
      "#": {
        "item": "minecraft:leather"
      },
      "X": {
        "item": "minecraft:iron_ingot"
      },
      "O": {
        "item": "minecraft:string"
      },
      "@": {
        "item": "minecraft:iron_block"
      }
    },
    "result": {
      "count": 1,
      "id": "minecraft:warped_fungus_on_a_stick",
      "components": { "custom_data":{"odm_gear":true, "snc_item":1}, "minecraft:custom_model_data": 3, "damage":100,
      "max_damage":100,"minecraft:custom_name":"{\"translate\":\"aot.odm\",\"color\":\"white\",\"italic\":false}", "minecraft:lore":["{\"translate\":\"aot.gas.desc2\",\"color\":\"gray\",\"italic\":false}","{\"translate\":\"aot.gas.desc3\",\"color\":\"gray\",\"italic\":false}","{\"text\":\" \"}","{\"translate\":\"aot.odmstatus2\",\"color\":\"gray\",\"italic\":false}","[{\"text\":\"\"},{\"translate\":\"aot.odmstatus.swing\",\"color\":\"blue\",\"italic\":false}]"],
      "minecraft:attribute_modifiers":[{"type":"generic.attack_damage","amount":3,"operation":"add_value","id":"snc.odm_gear.attack_damage","slot":"offhand"},{"type":"generic.attack_speed","amount":-0.3,"operation":"add_value","id":"snc.odm_gear.attack_speed","slot":"offhand"}]
    }
      
    }
  }