{
    "type": "minecraft:crafting_shapeless",
    "ingredients": [
        {"item": "barrier"}
    ],
    "result": {
        "id": "minecraft:written_book",
        "count": 1,
        "components": {
            "custom_model_data":1,
            "custom_data": {"snc_item":1},
            "written_book_content": {
                "title": "Shingeki no Craft",
                "author": "Fanfo",
                "generation": 3,
                "pages": [
                    "{\"text\":\"\\uE324\",\"color\":\"white\"}",
                    "[{\"text\":\"\\n\\n\\n\"},{\"text\":\"For all the people who have accompanied me on this journey.\"},{\"text\":\"\\n\\n\"},{\"text\":\"Give your hearts just as I have given mine.\"},{\"text\":\"\\n\\n\"},{\"text\":\"- Fanfo.\",\"color\":\"dark_purple\",\"italic\":true}]",
                    "[{\"text\":\"\\uE301\",\"color\":\"white\"},{\"text\":\"1. \",\"color\":\"dark_red\",\"bold\":true},{\"text\":\"Intro\",\"color\":\"black\",\"clickEvent\":{\"action\":\"change_page\",\"value\":\"4\"}},\"\\n\",{\"text\":\"2. \",\"color\":\"dark_red\",\"bold\":true},{\"text\":\"Titans\",\"color\":\"black\",\"clickEvent\":{\"action\":\"change_page\",\"value\":\"7\"}},\"\\n\",{\"text\":\"3. \",\"color\":\"dark_red\",\"bold\":true},{\"text\":\"Powered Hooks\",\"color\":\"black\",\"clickEvent\":{\"action\":\"change_page\",\"value\":\"9\"}},\"\\n\",{\"text\":\"4. \",\"color\":\"dark_red\",\"bold\":true},{\"text\":\"Uniform\",\"color\":\"black\",\"clickEvent\":{\"action\":\"change_page\",\"value\":\"12\"}},\"\\n\",{\"text\":\"5. \",\"color\":\"dark_red\",\"bold\":true},{\"text\":\"Config\",\"color\":\"black\",\"clickEvent\":{\"action\":\"change_page\",\"value\":\"13\"}}]","[{\"text\":\"\\uE325\",\"color\":\"white\"},{\"text\":\"\\n\\n\\n\\n\\n\\n\\n\\n\\n\\n\\n\\n\\n \\uE300\",\"bold\":true,\"clickEvent\":{\"action\":\"change_page\",\"value\":\"3\"}}]","[{\"text\":\"\\uE326\",\"color\":\"white\"},{\"text\":\"\\n\\n\\n\\n\\n\\n\\n\\n\\n\\n\\n\\n\\n \\uE300\",\"bold\":true,\"clickEvent\":{\"action\":\"change_page\",\"value\":\"3\"}}]","[{\"text\":\"\\uE327\",\"color\":\"white\"},{\"text\":\"\\n\\n\\n\\n\\n\\n\\n\\n\\n\\n\\n\\n\\n \\uE300\",\"bold\":true,\"clickEvent\":{\"action\":\"change_page\",\"value\":\"3\"}}]","[{\"text\":\"\\uE328\",\"color\":\"white\"},{\"text\":\"\\n\\n\\n\\n\\n\\n\\n\\n\\n\\n\\n\\n\\n \\uE300\",\"bold\":true,\"clickEvent\":{\"action\":\"change_page\",\"value\":\"3\"}}]","[{\"text\":\"\\uE329\",\"color\":\"white\"},{\"text\":\"\\n\\n\\n\\n\\n\\n\\n\\n\\n\\n\\n\\n\\n \\uE300\",\"bold\":true,\"clickEvent\":{\"action\":\"change_page\",\"value\":\"3\"}}]","[{\"text\":\"\\uE330\",\"color\":\"white\"},{\"text\":\"\\n\\n\\n\\n\\n\\n\\n\\n\\n\\n\\n\\n\\n \\uE300\",\"bold\":true,\"clickEvent\":{\"action\":\"change_page\",\"value\":\"3\"}}]","[{\"text\":\"\\uE331\",\"color\":\"white\"},{\"text\":\"\\n\\n\\n\\n\\n\\n\\n\\n\\n\\n\\n\\n\\n \\uE300\",\"bold\":true,\"clickEvent\":{\"action\":\"change_page\",\"value\":\"3\"}}]","[{\"text\":\"\\uE332\",\"color\":\"white\"},{\"text\":\"\\n\\n\\n\\n\\n\\n\\n\\n\\n\\n\\n\\n\\n \\uE300\",\"bold\":true,\"clickEvent\":{\"action\":\"change_page\",\"value\":\"3\"}}]","[{\"text\":\"\\uE333\",\"color\":\"white\"},{\"text\":\"\\n\\n\\n\\n\\n\\n\\n\\n\\n\\n\\n\\n\\n \\uE300\",\"bold\":true,\"clickEvent\":{\"action\":\"change_page\",\"value\":\"3\"}}]","[{\"text\":\"\\uE334\",\"color\":\"white\"},{\"text\":\"\\n\\n\\n\\n\\n\\n\\n\\n\\n\\n\\n\\n\\n \\uE300\",\"bold\":true,\"clickEvent\":{\"action\":\"change_page\",\"value\":\"3\"}}]"
                ]
            }
        }
    }
}