{
    "display": {
        "title": {
            "translate": "aot.titan.jaw",
            "color": "yellow"
        },
        "description": {
            "translate": "aot.adv.jaw",
            "color": "white"
        },
        "icon": {
            "id": "minecraft:carved_pumpkin",
            "components": {
                "item_model": "trophies/jaw_head"
            }
        },
        "frame": "challenge",
        "show_toast": true,
        "announce_to_chat": false,
        "hidden": true
    },
    "criteria": {
        "unlock": {
            "trigger": "minecraft:impossible"
        }
    },
    "parent": "snc:shifters/aura"
}