{
    "criteria": {
        "requirement" : {
            "trigger" : "minecraft:tick",
            "conditions" : {
                "player" : {
                    "equipment": {
                        "mainhand": {
                            "predicates": {
                                "minecraft:custom_data": "{trigger:1b}"
                              }
                        }
                    }
                }
            }
        }
    },
    "rewards" : {
        "function" : "snc:player/control/hold/gas_trigger"
    }
}