{"features":[[],[],[],[],["minecraft:delta","minecraft:small_basalt_columns","minecraft:large_basalt_columns"],[],[],["minecraft:basalt_blobs","minecraft:blackstone_blobs","minecraft:spring_delta","minecraft:patch_fire","minecraft:patch_soul_fire","minecraft:glowstone_extra","minecraft:glowstone","minecraft:brown_mushroom_nether","minecraft:red_mushroom_nether","minecraft:ore_magma","minecraft:spring_closed_double","minecraft:ore_gold_deltas","minecraft:ore_quartz_deltas","minecraft:ore_ancient_debris_large","minecraft:ore_debris_small"]],"effects":{"music":{"replace_current_music":false,"max_delay":24000,"sound":"minecraft:music.nether.basalt_deltas","min_delay":12000},"sky_color":7254527,"ambient_sound":"minecraft:ambient.basalt_deltas.loop","additions_sound":{"sound":"minecraft:ambient.basalt_deltas.additions","tick_chance":0.0111},"particle":{"probability":0.118093334,"options":{"type":"minecraft:white_ash"}},"water_fog_color":329011,"fog_color":6840176,"water_color":4159204,"mood_sound":{"offset":2,"tick_delay":6000,"sound":"minecraft:ambient.basalt_deltas.mood","block_search_extent":8}},"has_precipitation":false,"carvers":"minecraft:nether_cave","temperature":2,"downfall":0,"spawn_costs":{},"spawners":{"water_creature":[],"underground_water_creature":[],"ambient":[],"axolotls":[],"creature":[{"weight":60,"minCount":1,"type":"minecraft:strider","maxCount":2}],"water_ambient":[],"misc":[],"monster":[{"weight":40,"minCount":1,"type":"minecraft:ghast","maxCount":1},{"weight":100,"minCount":2,"type":"minecraft:magma_cube","maxCount":5}]}}