{"features":[[],["minecraft:lake_lava_underground","minecraft:lake_lava_surface"],["minecraft:amethyst_geode"],["minecraft:monster_room","minecraft:monster_room_deep"],[],[],["minecraft:ore_dirt","minecraft:ore_gravel","minecraft:ore_granite_upper","minecraft:ore_granite_lower","minecraft:ore_diorite_upper","minecraft:ore_diorite_lower","minecraft:ore_andesite_upper","minecraft:ore_andesite_lower","minecraft:ore_tuff","minecraft:ore_coal_upper","minecraft:ore_coal_lower","minecraft:ore_iron_upper","minecraft:ore_iron_middle","minecraft:ore_iron_small","minecraft:ore_gold","minecraft:ore_gold_lower","minecraft:ore_redstone","minecraft:ore_redstone_lower","minecraft:ore_diamond","minecraft:ore_diamond_medium","minecraft:ore_diamond_large","minecraft:ore_diamond_buried","minecraft:ore_lapis","minecraft:ore_lapis_buried","minecraft:ore_copper","minecraft:underwater_magma","minecraft:disk_sand","minecraft:disk_clay","minecraft:disk_gravel","minecraft:ore_emerald"],["minecraft:ore_infested"],["minecraft:spring_water","minecraft:spring_lava"],["minecraft:glow_lichen","minecraft:patch_tall_grass_2","minecraft:patch_grass_plain","minecraft:flower_cherry","minecraft:trees_cherry"],["minecraft:freeze_top_layer"]],"effects":{"music":{"replace_current_music":false,"max_delay":24000,"sound":"minecraft:music.overworld.cherry_grove","min_delay":12000},"sky_color":8103167,"grass_color":11983713,"foliage_color":11983713,"water_fog_color":6141935,"fog_color":12638463,"water_color":6141935,"mood_sound":{"offset":2,"tick_delay":6000,"sound":"minecraft:ambient.cave","block_search_extent":8}},"has_precipitation":true,"carvers":["minecraft:cave","minecraft:cave_extra_underground","minecraft:canyon"],"temperature":0.5,"downfall":0.8,"spawn_costs":{},"spawners":{"water_creature":[],"underground_water_creature":[{"weight":10,"minCount":4,"type":"minecraft:glow_squid","maxCount":6}],"ambient":[{"weight":10,"minCount":8,"type":"minecraft:bat","maxCount":8}],"axolotls":[],"creature":[{"weight":1,"minCount":1,"type":"minecraft:pig","maxCount":2},{"weight":2,"minCount":2,"type":"minecraft:rabbit","maxCount":6},{"weight":2,"minCount":2,"type":"minecraft:sheep","maxCount":4}],"water_ambient":[],"misc":[],"monster":[]}}