{"features":[[],[],[],[],[],[],[],["minecraft:spring_open","minecraft:patch_fire","minecraft:glowstone_extra","minecraft:glowstone","minecraft:ore_magma","minecraft:spring_closed","minecraft:ore_gravel_nether","minecraft:ore_blackstone","minecraft:ore_gold_nether","minecraft:ore_quartz_nether","minecraft:ore_ancient_debris_large","minecraft:ore_debris_small"],[],["minecraft:spring_lava","minecraft:brown_mushroom_normal","minecraft:red_mushroom_normal","minecraft:weeping_vines","minecraft:crimson_fungi","minecraft:crimson_forest_vegetation"]],"effects":{"music":{"replace_current_music":false,"max_delay":24000,"sound":"minecraft:music.nether.crimson_forest","min_delay":12000},"sky_color":7254527,"ambient_sound":"minecraft:ambient.crimson_forest.loop","additions_sound":{"sound":"minecraft:ambient.crimson_forest.additions","tick_chance":0.0111},"particle":{"probability":0.025,"options":{"type":"minecraft:crimson_spore"}},"water_fog_color":329011,"fog_color":3343107,"water_color":4159204,"mood_sound":{"offset":2,"tick_delay":6000,"sound":"minecraft:ambient.crimson_forest.mood","block_search_extent":8}},"has_precipitation":false,"carvers":"minecraft:nether_cave","temperature":2,"downfall":0,"spawn_costs":{},"spawners":{"water_creature":[],"underground_water_creature":[],"ambient":[],"axolotls":[],"creature":[{"weight":60,"minCount":1,"type":"minecraft:strider","maxCount":2}],"water_ambient":[],"misc":[],"monster":[{"weight":1,"minCount":2,"type":"minecraft:zombified_piglin","maxCount":4},{"weight":9,"minCount":3,"type":"minecraft:hoglin","maxCount":4},{"weight":5,"minCount":3,"type":"minecraft:piglin","maxCount":4}]}}