{"features":[[],[],["minecraft:amethyst_geode"],["minecraft:monster_room","minecraft:monster_room_deep"],[],[],["minecraft:ore_dirt","minecraft:ore_gravel","minecraft:ore_granite_upper","minecraft:ore_granite_lower","minecraft:ore_diorite_upper","minecraft:ore_diorite_lower","minecraft:ore_andesite_upper","minecraft:ore_andesite_lower","minecraft:ore_tuff","minecraft:ore_coal_upper","minecraft:ore_coal_lower","minecraft:ore_iron_upper","minecraft:ore_iron_middle","minecraft:ore_iron_small","minecraft:ore_gold","minecraft:ore_gold_lower","minecraft:ore_redstone","minecraft:ore_redstone_lower","minecraft:ore_diamond","minecraft:ore_diamond_medium","minecraft:ore_diamond_large","minecraft:ore_diamond_buried","minecraft:ore_lapis","minecraft:ore_lapis_buried","minecraft:ore_copper","minecraft:underwater_magma","minecraft:disk_sand","minecraft:disk_clay","minecraft:disk_gravel"],["minecraft:sculk_vein","minecraft:sculk_patch_deep_dark"],[],["minecraft:glow_lichen","minecraft:patch_tall_grass_2","minecraft:trees_plains","minecraft:flower_plains","minecraft:patch_grass_plain","minecraft:brown_mushroom_normal","minecraft:red_mushroom_normal","minecraft:patch_sugar_cane","minecraft:patch_pumpkin"],["minecraft:freeze_top_layer"]],"effects":{"music":{"replace_current_music":false,"max_delay":24000,"sound":"minecraft:music.overworld.deep_dark","min_delay":12000},"sky_color":7907327,"water_fog_color":329011,"fog_color":12638463,"water_color":4159204,"mood_sound":{"offset":2,"tick_delay":6000,"sound":"minecraft:ambient.cave","block_search_extent":8}},"has_precipitation":true,"carvers":["minecraft:cave","minecraft:cave_extra_underground","minecraft:canyon"],"temperature":0.8,"downfall":0.4,"spawn_costs":{},"spawners":{"water_creature":[],"underground_water_creature":[],"ambient":[],"axolotls":[],"creature":[],"water_ambient":[],"misc":[],"monster":[]}}