{"features":[[],[],[],[],["minecraft:end_gateway_return"],[],[],[],[],["minecraft:chorus_plant"]],"effects":{"sky_color":0,"water_fog_color":329011,"fog_color":10518688,"water_color":4159204,"mood_sound":{"offset":2,"tick_delay":6000,"sound":"minecraft:ambient.cave","block_search_extent":8}},"has_precipitation":false,"carvers":{},"temperature":0.5,"downfall":0.5,"spawn_costs":{},"spawners":{"water_creature":[],"underground_water_creature":[],"ambient":[],"axolotls":[],"creature":[],"water_ambient":[],"misc":[],"monster":[]}}