{"features":[[],["minecraft:lake_lava_underground","minecraft:lake_lava_surface"],["minecraft:iceberg_packed","minecraft:iceberg_blue","minecraft:amethyst_geode"],["minecraft:monster_room","minecraft:monster_room_deep"],["minecraft:blue_ice"],[],["minecraft:ore_dirt","minecraft:ore_gravel","minecraft:ore_granite_upper","minecraft:ore_granite_lower","minecraft:ore_diorite_upper","minecraft:ore_diorite_lower","minecraft:ore_andesite_upper","minecraft:ore_andesite_lower","minecraft:ore_tuff","minecraft:ore_coal_upper","minecraft:ore_coal_lower","minecraft:ore_iron_upper","minecraft:ore_iron_middle","minecraft:ore_iron_small","minecraft:ore_gold","minecraft:ore_gold_lower","minecraft:ore_redstone","minecraft:ore_redstone_lower","minecraft:ore_diamond","minecraft:ore_diamond_medium","minecraft:ore_diamond_large","minecraft:ore_diamond_buried","minecraft:ore_lapis","minecraft:ore_lapis_buried","minecraft:ore_copper","minecraft:underwater_magma","minecraft:disk_sand","minecraft:disk_clay","minecraft:disk_gravel"],[],["minecraft:spring_water","minecraft:spring_lava"],["minecraft:glow_lichen","minecraft:trees_water","minecraft:flower_default","minecraft:patch_grass_badlands","minecraft:brown_mushroom_normal","minecraft:red_mushroom_normal","minecraft:patch_sugar_cane","minecraft:patch_pumpkin"],["minecraft:freeze_top_layer"]],"effects":{"sky_color":8364543,"water_fog_color":329011,"fog_color":12638463,"water_color":3750089,"mood_sound":{"offset":2,"tick_delay":6000,"sound":"minecraft:ambient.cave","block_search_extent":8}},"has_precipitation":true,"carvers":{"air":["minecraft:cave","minecraft:cave_extra_underground","minecraft:canyon"]},"temperature":0,"downfall":0.5,"spawn_costs":{},"spawners":{"water_creature":[{"weight":1,"minCount":1,"type":"minecraft:squid","maxCount":4}],"underground_water_creature":[{"weight":10,"minCount":4,"type":"minecraft:glow_squid","maxCount":6}],"ambient":[{"weight":10,"minCount":8,"type":"minecraft:bat","maxCount":8}],"axolotls":[],"creature":[{"weight":1,"minCount":1,"type":"minecraft:polar_bear","maxCount":2}],"water_ambient":[{"weight":15,"minCount":1,"type":"minecraft:salmon","maxCount":5}],"misc":[],"monster":[]},"temperature_modifier":"frozen"}