{"features":[[],[],[],[],[],[],[],["minecraft:spring_open","minecraft:patch_fire","minecraft:patch_soul_fire","minecraft:glowstone_extra","minecraft:glowstone","minecraft:brown_mushroom_nether","minecraft:red_mushroom_nether","minecraft:ore_magma","minecraft:spring_closed","minecraft:ore_gravel_nether","minecraft:ore_blackstone","minecraft:ore_gold_nether","minecraft:ore_quartz_nether","minecraft:ore_ancient_debris_large","minecraft:ore_debris_small"],[],["minecraft:spring_lava","minecraft:brown_mushroom_normal","minecraft:red_mushroom_normal"]],"effects":{"music":{"replace_current_music":false,"max_delay":24000,"sound":"minecraft:music.nether.nether_wastes","min_delay":12000},"sky_color":7254527,"ambient_sound":"minecraft:ambient.nether_wastes.loop","additions_sound":{"sound":"minecraft:ambient.nether_wastes.additions","tick_chance":0.0111},"water_fog_color":329011,"fog_color":3344392,"water_color":4159204,"mood_sound":{"offset":2,"tick_delay":6000,"sound":"minecraft:ambient.nether_wastes.mood","block_search_extent":8}},"has_precipitation":false,"carvers":{"air":"minecraft:nether_cave"},"temperature":2,"downfall":0,"spawn_costs":{},"spawners":{"water_creature":[],"underground_water_creature":[],"ambient":[],"axolotls":[],"creature":[{"weight":60,"minCount":1,"type":"minecraft:strider","maxCount":2}],"water_ambient":[],"misc":[],"monster":[{"weight":50,"minCount":4,"type":"minecraft:ghast","maxCount":4},{"weight":100,"minCount":4,"type":"minecraft:zombified_piglin","maxCount":4},{"weight":2,"minCount":4,"type":"minecraft:magma_cube","maxCount":4},{"weight":15,"minCount":4,"type":"minecraft:piglin","maxCount":4}]}}