{"features":[[],[],["minecraft:basalt_pillar"],[],[],[],[],["minecraft:spring_open","minecraft:patch_fire","minecraft:patch_soul_fire","minecraft:glowstone_extra","minecraft:glowstone","minecraft:patch_crimson_roots","minecraft:ore_magma","minecraft:spring_closed","minecraft:ore_soul_sand","minecraft:ore_gravel_nether","minecraft:ore_blackstone","minecraft:ore_gold_nether","minecraft:ore_quartz_nether","minecraft:ore_ancient_debris_large","minecraft:ore_debris_small"],[],["minecraft:spring_lava"]],"effects":{"music":{"replace_current_music":false,"max_delay":24000,"sound":"minecraft:music.nether.soul_sand_valley","min_delay":12000},"sky_color":7254527,"ambient_sound":"minecraft:ambient.soul_sand_valley.loop","additions_sound":{"sound":"minecraft:ambient.soul_sand_valley.additions","tick_chance":0.0111},"particle":{"probability":0.00625,"options":{"type":"minecraft:ash"}},"water_fog_color":329011,"fog_color":1787717,"water_color":4159204,"mood_sound":{"offset":2,"tick_delay":6000,"sound":"minecraft:ambient.soul_sand_valley.mood","block_search_extent":8}},"has_precipitation":false,"carvers":"minecraft:nether_cave","temperature":2,"downfall":0,"spawn_costs":{"minecraft:strider":{"charge":0.7,"energy_budget":0.15},"minecraft:skeleton":{"charge":0.7,"energy_budget":0.15},"minecraft:enderman":{"charge":0.7,"energy_budget":0.15},"minecraft:ghast":{"charge":0.7,"energy_budget":0.15}},"spawners":{"water_creature":[],"underground_water_creature":[],"ambient":[],"axolotls":[],"creature":[{"weight":60,"minCount":1,"type":"minecraft:strider","maxCount":2}],"water_ambient":[],"misc":[],"monster":[{"weight":50,"minCount":4,"type":"minecraft:ghast","maxCount":4}]}}