{"features":[[],[],[],[],[],[],[],["minecraft:spring_open","minecraft:patch_fire","minecraft:patch_soul_fire","minecraft:glowstone_extra","minecraft:glowstone","minecraft:ore_magma","minecraft:spring_closed","minecraft:ore_gravel_nether","minecraft:ore_blackstone","minecraft:ore_gold_nether","minecraft:ore_quartz_nether","minecraft:ore_ancient_debris_large","minecraft:ore_debris_small"],[],["minecraft:spring_lava","minecraft:brown_mushroom_normal","minecraft:red_mushroom_normal","minecraft:warped_fungi","minecraft:warped_forest_vegetation","minecraft:nether_sprouts","minecraft:twisting_vines"]],"effects":{"music":{"replace_current_music":false,"max_delay":24000,"sound":"minecraft:music.nether.warped_forest","min_delay":12000},"sky_color":7254527,"ambient_sound":"minecraft:ambient.warped_forest.loop","additions_sound":{"sound":"minecraft:ambient.warped_forest.additions","tick_chance":0.0111},"particle":{"probability":0.01428,"options":{"type":"minecraft:warped_spore"}},"water_fog_color":329011,"fog_color":1705242,"water_color":4159204,"mood_sound":{"offset":2,"tick_delay":6000,"sound":"minecraft:ambient.warped_forest.mood","block_search_extent":8}},"has_precipitation":false,"carvers":"minecraft:nether_cave","temperature":2,"downfall":0,"spawn_costs":{"minecraft:enderman":{"charge":1,"energy_budget":0.12}},"spawners":{"water_creature":[],"underground_water_creature":[],"ambient":[],"axolotls":[],"creature":[{"weight":60,"minCount":1,"type":"minecraft:strider","maxCount":2}],"water_ambient":[],"misc":[],"monster":[]}}