{
    "function": "minecraft:set_components",
    "components": {
        "trim": {"material":"minecraft:armor","pattern":"minecraft:armored"},
        "item_name":"[{\"translate\":\"aot.ability.hardening.hardened\"},\" \",{\"translate\":\"item.minecraft.iron_boots\"}]",
        "rarity":"uncommon",
        "max_damage":295,
        "custom_model_data": 1,
        "minecraft:attribute_modifiers": {
            "modifiers": [
                {
                    "type": "minecraft:generic.armor",
                    "uuid": [-1241033798,-252359534,-1239115941,1070031786],
                    "name": "generic.armor",
                    "amount": 2,
                    "operation": "add_value",
                    "slot": "feet"
                },{
                    "type":"generic.armor_toughness",
                    "name":"generic.armor_toughness",
                    "amount":1,
                    "operation":"add_value",
                    "uuid":[-1928804943,-640597071,-1372498624,-802344471],
                    "slot":"feet"
                },{
                    "type":"generic.knockback_resistance",
                    "name":"generic.knockback_resistance",
                    "amount":0.1,
                    "operation":"add_value",
                    "uuid":[-542867899,577325535,-1604412135,-1832527429],
                    "slot":"feet"
                },{
                    "type":"generic.scale",
                    "name":"generic.scale",
                    "amount":0.035,
                    "operation":"add_multiplied_total",
                    "uuid":[1420308949,2044612227,-1087119724,-1258059145],
                    "slot":"feet"
                },{
                    "type":"generic.attack_damage",
                    "name":"generic.attack_damage",
                    "amount":-0.02,
                    "operation":"add_multiplied_total",
                    "uuid":[859241151,-1307229336,-2057669149,1878817881],
                    "slot":"feet"
                },{
                    "type":"generic.movement_speed",
                    "name":"generic.movement_speed",
                    "amount":-0.015,
                    "operation":"add_multiplied_total",
                    "uuid":[-175523255,1169047578,-2022606172,-1406669479],
                    "slot":"feet"
                }
            ]
          }
    }
}