{
  "elements": [
    {
      "element": {
        "element_type": "minecraft:legacy_single_pool_element",
        "location": "snc:village/savanna/town_centers/savanna_meeting_point_2",
        "processors": {
          "processors": []
        },
        "projection": "rigid"
      },
      "weight": 100
    },
    {
      "element": {
        "element_type": "minecraft:legacy_single_pool_element",
        "location": "snc:village/savanna/town_centers/savanna_meeting_point_2",
        "processors": {
          "processors": []
        },
        "projection": "rigid"
      },
      "weight": 50
    },
    {
      "element": {
        "element_type": "minecraft:legacy_single_pool_element",
        "location": "snc:village/savanna/town_centers/savanna_meeting_point_3",
        "processors": {
          "processors": []
        },
        "projection": "rigid"
      },
      "weight": 150
    },
    {
      "element": {
        "element_type": "minecraft:legacy_single_pool_element",
        "location": "snc:village/savanna/town_centers/savanna_meeting_point_3",
        "processors": {
          "processors": []
        },
        "projection": "rigid"
      },
      "weight": 150
    },
    {
      "element": {
        "element_type": "minecraft:legacy_single_pool_element",
        "location": "minecraft:village/savanna/zombie/town_centers/savanna_meeting_point_1",
        "processors": "minecraft:zombie_savanna",
        "projection": "rigid"
      },
      "weight": 2
    },
    {
      "element": {
        "element_type": "minecraft:legacy_single_pool_element",
        "location": "minecraft:village/savanna/zombie/town_centers/savanna_meeting_point_2",
        "processors": "minecraft:zombie_savanna",
        "projection": "rigid"
      },
      "weight": 1
    },
    {
      "element": {
        "element_type": "minecraft:legacy_single_pool_element",
        "location": "minecraft:village/savanna/zombie/town_centers/savanna_meeting_point_3",
        "processors": "minecraft:zombie_savanna",
        "projection": "rigid"
      },
      "weight": 3
    },
    {
      "element": {
        "element_type": "minecraft:legacy_single_pool_element",
        "location": "minecraft:village/savanna/zombie/town_centers/savanna_meeting_point_4",
        "processors": "minecraft:zombie_savanna",
        "projection": "rigid"
      },
      "weight": 3
    }
  ],
  "fallback": "minecraft:empty"
}