{
    "function": "minecraft:set_components",
    "components": {
        "trim": {"material":"minecraft:hardening","pattern":"minecraft:armored"},
        "custom_name":"[{\"text\":\"\",\"italic\":false},{\"translate\":\"aot.ability.hardening.hardened\"},\" \",{\"translate\":\"item.minecraft.iron_chestplate\"}]",
        "rarity":"uncommon",
        "max_damage":340,
        "custom_model_data": 1,
        "minecraft:attribute_modifiers": {
            "modifiers": [
                {
                    "type": "minecraft:armor",
                    "id": "snc.chestplate.armor",
                    "amount": 7,
                    "operation": "add_value",
                    "slot": "chest"
                },{
                    "type":"armor_toughness",
                    "id": "snc.chestplate.armor_toughness",
                    "amount":1,
                    "operation":"add_value",
                    "slot":"chest"
                },{
                    "type":"knockback_resistance",
                    "id": "snc.chestplate.knockback_resistance",
                    "amount":0.1,
                    "operation":"add_value",
                    "slot":"chest"
                },{
                    "type":"scale",
                    "id": "snc.chestplate.scale",
                    "amount":0.035,
                    "operation":"add_multiplied_total",
                    "slot":"chest"
                },{
                    "type":"attack_damage",
                    "id": "snc.chestplate.attack_damage",
                    "amount":-0.02,
                    "operation":"add_multiplied_total",
                    "slot":"chest"
                },{
                    "type":"movement_speed",
                    "id": "snc.chestplate.movement_speed",
                    "amount":-0.015,
                    "operation":"add_multiplied_total",
                    "slot":"chest"
                }
            ]
          }
    }
}