{
    "function": "minecraft:set_components",
    "components": {
        "item_name":"[{\"translate\":\"aot.ability.hardening.hardened\"},\" \",{\"translate\":\"item.minecraft.netherite_chestplate\"}]",
        "rarity":"epic",
        "trim": {
            "material":"minecraft:armor",
            "pattern":"minecraft:armored"
        },
        "custom_model_data": 1,
        "minecraft:attribute_modifiers": {
            "modifiers": [
                {
                    "type": "minecraft:armor",
                    "id": "snc.chestplate.armor",
                    "amount": 8,
                    "operation": "add_value",
                    "slot": "chest"
                },{
                    "type":"armor_toughness",
                    "id": "snc.chestplate.armor_toughness",
                    "amount":4,
                    "operation":"add_value",
                    "slot":"chest"
                },{
                    "type":"knockback_resistance",
                    "id": "snc.chestplate.knockback_resistance",
                    "amount":0.2,
                    "operation":"add_value",
                    "slot":"chest"
                },{
                    "type":"scale",
                    "id": "snc.chestplate.scale",
                    "amount":0.035,
                    "operation":"add_multiplied_total",
                    "slot":"chest"
                },{
                    "type":"attack_damage",
                    "id": "snc.chestplate.attack_damage",
                    "amount":-0.02,
                    "operation":"add_multiplied_total",
                    "slot":"chest"
                },{
                    "type":"movement_speed",
                    "id": "snc.chestplate.movement_speed",
                    "amount":-0.015,
                    "operation":"add_multiplied_total",
                    "slot":"chest"
                }
            ]
          }
    }
}