{
  "pools": [
    {
      "rolls": 1,
      "entries": [
        {"type": "minecraft:item", "name": "minecraft:paper",
          "functions": [
            {
              "function": "minecraft:set_components",
              "components": {
                "minecraft:custom_name": "{'text': 'Pengelly\\'s Field Diary','italic': false}",
                "minecraft:lore": [
                  "{'text': 'Cover [1/6]','color': 'yellow','italic': false}"
                ],
                "minecraft:custom_data": {"peng":1},
                "minecraft:enchantment_glint_override": true
              }
            }
          ]
        },
        {"type": "minecraft:item", "name": "minecraft:paper",
          "functions": [
            {
              "function": "minecraft:set_components",
              "components": {
                "minecraft:custom_name": "{'text': 'Mysterious Page','italic': false}",
                "minecraft:lore": [
                  "{'text': 'Cover [2/6]','color': 'yellow','italic': false}"
                ],
                "minecraft:custom_data": {"peng":2},
                "minecraft:enchantment_glint_override": true
              }
            }
          ]
        },
        {"type": "minecraft:item", "name": "minecraft:paper",
          "functions": [
            {
              "function": "minecraft:set_components",
              "components": {
                "minecraft:custom_name": "{'text': 'Mysterious Page','italic': false}",
                "minecraft:lore": [
                  "{'text': 'Cover [3/6]','color': 'yellow','italic': false}"
                ],
                "minecraft:custom_data": {"peng":3},
                "minecraft:enchantment_glint_override": true
              }
            }
          ]
        },
        {"type": "minecraft:item", "name": "minecraft:paper",
          "functions": [
            {
              "function": "minecraft:set_components",
              "components": {
                "minecraft:custom_name": "{'text': 'Mysterious Page','italic': false}",
                "minecraft:lore": [
                  "{'text': 'Cover [4/6]','color': 'yellow','italic': false}"
                ],
                "minecraft:custom_data": {"peng":4},
                "minecraft:enchantment_glint_override": true
              }
            }
          ]
        },
        {"type": "minecraft:item", "name": "minecraft:paper",
          "functions": [
            {
              "function": "minecraft:set_components",
              "components": {
                "minecraft:custom_name": "{'text': 'Mysterious Page','italic': false}",
                "minecraft:lore": [
                  "{'text': 'Cover [5/6]','color': 'yellow','italic': false}"
                ],
                "minecraft:custom_data": {"peng":5},
                "minecraft:enchantment_glint_override": true
              }
            }
          ]
        },
        {"type": "minecraft:item", "name": "minecraft:paper",
          "functions": [
            {
              "function": "minecraft:set_components",
              "components": {
                "minecraft:custom_name": "{'text': 'Mysterious Page','italic': false}",
                "minecraft:lore": [
                  "{'text': 'Cover [6/6]','color': 'yellow','italic': false}"
                ],
                "minecraft:custom_data": {"peng":6},
                "minecraft:enchantment_glint_override": true
              }
            }
          ]
        }
      ],
      "conditions": [
        {
          "condition": "minecraft:random_chance",
          "chance": 1
        }
      ]
    }
  ]
}
